Area code;Area name;"Asian, Asian British or Asian Welsh: Bangladeshi
(number)";"Asian, Asian British or Asian Welsh: Chinese
(number)";"Asian, Asian British or Asian Welsh: Indian
(number)";"Asian, Asian British or Asian Welsh: Pakistani
(number)";"Asian, Asian British or Asian Welsh: Other Asian
(number)";"Black, Black British, Black Welsh, Caribbean or African: African
(number)";"Black, Black British, Black Welsh, Caribbean or African: Caribbean
(number)";"Black, Black British, Black Welsh, Caribbean or African: Other Black
(number)";"Mixed or Multiple ethnic groups: White and Asian
(number)";"Mixed or Multiple ethnic groups: White and Black African
(number)";"Mixed or Multiple ethnic groups: White and Black Caribbean
(number)";"Mixed or Multiple ethnic groups: Other Mixed or Multiple ethnic groups
(number)";"White: English, Welsh, Scottish, Northern Irish or British
(number)";"White: Irish
(number)";"White: Gypsy or Irish Traveller
(number)";"White: Roma
(number)";"White: Other White
(number)";"Other ethnic group: Arab
(number)";"Other ethnic group: Any other ethnic group
(number)";Asian, Asian British or Asian Welsh: Bangladesh;Asian, Asian British or Asian Welsh: Chinese;Asian, Asian British or Asian Welsh: Indian;Asian, Asian British or Asian Welsh: Pakistani;Asian, Asian British or Asian Welsh: Other Asian;Black, Black British, Black Welsh, Caribbean or African: African;Black, Black British, Black Welsh, Caribbean or African: Caribbean;Black, Black British, Black Welsh, Caribbean or African: Other Black;Mixed or Multiple ethnic groups: White and Asian;Mixed or Multiple ethnic groups: White and Black African ;Mixed or Multiple ethnic groups: White and Black Caribbean;Mixed or Multiple ethnic groups: Other Mixed or Multiple ethnic groups;"White: English, Welsh, Scottish, Northern Irish or British
(percent)";"White: Irish
(percent)";"White: Gypsy or Irish Traveller
(percent)";"White: Roma
(percent)";"White: Other White
(percent)";Other ethnic group: Arab;Other ethnic group: Any other ethnic group
E06000001;Hartlepool; 278 ; 217 ; 335 ; 297 ; 473 ; 327 ; 57 ; 61 ; 240 ; 115 ; 143 ; 173 ; 87.761 ; 170 ; 37 ; 19 ; 1.081 ; 270 ; 284 ; 0,3 ; 0,2 ; 0,4 ; 0,3 ; 0,5 ; 0,4 ; 0,1 ; 0,1 ; 0,3 ; 0,1 ; 0,2 ; 0,2 ; 95,0 ; 0,2 ; -   ; -   ; 1,2 ; 0,3 ; 0,3 
E06000002;Middlesbrough; 595 ; 669 ; 2.804 ; 8.990 ; 2.032 ; 3.339 ; 162 ; 315 ; 1.110 ; 650 ; 570 ; 671 ; 114.421 ; 434 ; 160 ; 320 ; 3.212 ; 1.452 ; 2.016 ; 0,4 ; 0,5 ; 1,9 ; 6,2 ; 1,4 ; 2,3 ; 0,1 ; 0,2 ; 0,8 ; 0,5 ; 0,4 ; 0,5 ; 79,5 ; 0,3 ; 0,1 ; 0,2 ; 2,2 ; 1,0 ; 1,4 
E06000003;Redcar and Cleveland; 158 ; 208 ; 175 ; 283 ; 336 ; 182 ; 48 ; 35 ; 460 ; 215 ; 270 ; 240 ; 131.789 ; 350 ; 87 ; 14 ; 1.148 ; 321 ; 211 ; 0,1 ; 0,2 ; 0,1 ; 0,2 ; 0,2 ; 0,1 ; -   ; -   ; 0,3 ; 0,2 ; 0,2 ; 0,2 ; 96,5 ; 0,3 ; 0,1 ; -   ; 0,8 ; 0,2 ; 0,2 
E06000004;Stockton-on-Tees; 236 ; 690 ; 1.812 ; 4.875 ; 1.439 ; 1.823 ; 130 ; 250 ; 1.131 ; 469 ; 412 ; 725 ; 177.526 ; 528 ; 145 ; 143 ; 2.595 ; 558 ; 1.106 ; 0,1 ; 0,4 ; 0,9 ; 2,5 ; 0,7 ; 0,9 ; 0,1 ; 0,1 ; 0,6 ; 0,2 ; 0,2 ; 0,4 ; 90,3 ; 0,3 ; 0,1 ; 0,1 ; 1,3 ; 0,3 ; 0,6 
E06000005;Darlington; 759 ; 308 ; 1.086 ; 195 ; 618 ; 456 ; 135 ; 110 ; 516 ; 198 ; 384 ; 374 ; 97.320 ; 342 ; 434 ; 104 ; 3.525 ; 329 ; 603 ; 0,7 ; 0,3 ; 1,0 ; 0,2 ; 0,6 ; 0,4 ; 0,1 ; 0,1 ; 0,5 ; 0,2 ; 0,4 ; 0,3 ; 90,3 ; 0,3 ; 0,4 ; 0,1 ; 3,3 ; 0,3 ; 0,6 
E06000006;Halton; 58 ; 418 ; 375 ; 125 ; 460 ; 293 ; 84 ; 134 ; 461 ; 342 ; 530 ; 458 ; 120.301 ; 685 ; 91 ; 68 ; 2.831 ; 241 ; 523 ; -   ; 0,3 ; 0,3 ; 0,1 ; 0,4 ; 0,2 ; 0,1 ; 0,1 ; 0,4 ; 0,3 ; 0,4 ; 0,4 ; 93,6 ; 0,5 ; 0,1 ; 0,1 ; 2,2 ; 0,2 ; 0,4 
E06000007;Warrington; 197 ; 1.326 ; 2.347 ; 1.760 ; 1.324 ; 1.075 ; 277 ; 224 ; 1.204 ; 593 ; 785 ; 753 ; 185.940 ; 1.366 ; 115 ; 167 ; 9.717 ; 393 ; 1.410 ; 0,1 ; 0,6 ; 1,1 ; 0,8 ; 0,6 ; 0,5 ; 0,1 ; 0,1 ; 0,6 ; 0,3 ; 0,4 ; 0,4 ; 88,1 ; 0,6 ; 0,1 ; 0,1 ; 4,6 ; 0,2 ; 0,7 
E06000008;Blackburn with Darwen; 1.473 ; 400 ; 24.389 ; 27.525 ; 1.391 ; 1.061 ; 170 ; 175 ; 1.329 ; 231 ; 368 ; 668 ; 87.997 ; 589 ; 101 ; 143 ; 4.562 ; 841 ; 1.328 ; 1,0 ; 0,3 ; 15,8 ; 17,8 ; 0,9 ; 0,7 ; 0,1 ; 0,1 ; 0,9 ; 0,1 ; 0,2 ; 0,4 ; 56,9 ; 0,4 ; 0,1 ; 0,1 ; 2,9 ; 0,5 ; 0,9 
E06000009;Blackpool; 442 ; 542 ; 892 ; 572 ; 1.228 ; 449 ; 175 ; 87 ; 645 ; 408 ; 638 ; 519 ; 127.445 ; 808 ; 236 ; 207 ; 4.854 ; 216 ; 676 ; 0,3 ; 0,4 ; 0,6 ; 0,4 ; 0,9 ; 0,3 ; 0,1 ; 0,1 ; 0,5 ; 0,3 ; 0,5 ; 0,4 ; 90,4 ; 0,6 ; 0,2 ; 0,1 ; 3,4 ; 0,2 ; 0,5 
E06000010;Kingston upon Hull, City of; 1.279 ; 1.234 ; 1.259 ; 1.292 ; 2.451 ; 4.292 ; 232 ; 541 ; 1.172 ; 1.144 ; 948 ; 1.249 ; 223.962 ; 455 ; 451 ; 286 ; 19.835 ; 1.443 ; 3.488 ; 0,5 ; 0,5 ; 0,5 ; 0,5 ; 0,9 ; 1,6 ; 0,1 ; 0,2 ; 0,4 ; 0,4 ; 0,4 ; 0,5 ; 83,9 ; 0,2 ; 0,2 ; 0,1 ; 7,4 ; 0,5 ; 1,3 
E06000011;East Riding of Yorkshire; 129 ; 766 ; 1.210 ; 528 ; 1.053 ; 617 ; 173 ; 104 ; 1.092 ; 547 ; 707 ; 851 ; 323.838 ; 1.063 ; 324 ; 118 ; 7.819 ; 368 ; 908 ; -   ; 0,2 ; 0,4 ; 0,2 ; 0,3 ; 0,2 ; 0,1 ; -   ; 0,3 ; 0,2 ; 0,2 ; 0,2 ; 94,6 ; 0,3 ; 0,1 ; -   ; 2,3 ; 0,1 ; 0,3 
E06000012;North East Lincolnshire; 318 ; 438 ; 543 ; 336 ; 802 ; 644 ; 98 ; 104 ; 502 ; 306 ; 377 ; 432 ; 145.362 ; 320 ; 65 ; 127 ; 5.156 ; 366 ; 671 ; 0,2 ; 0,3 ; 0,3 ; 0,2 ; 0,5 ; 0,4 ; 0,1 ; 0,1 ; 0,3 ; 0,2 ; 0,2 ; 0,3 ; 92,6 ; 0,2 ; -   ; 0,1 ; 3,3 ; 0,2 ; 0,4 
E06000013;North Lincolnshire; 1.840 ; 451 ; 1.126 ; 1.013 ; 1.192 ; 663 ; 85 ; 70 ; 717 ; 289 ; 356 ; 458 ; 150.554 ; 556 ; 168 ; 226 ; 8.548 ; 224 ; 1.148 ; 1,1 ; 0,3 ; 0,7 ; 0,6 ; 0,7 ; 0,4 ; 0,1 ; -   ; 0,4 ; 0,2 ; 0,2 ; 0,3 ; 88,7 ; 0,3 ; 0,1 ; 0,1 ; 5,0 ; 0,1 ; 0,7 
E06000014;York; 413 ; 2.889 ; 1.853 ; 545 ; 1.934 ; 978 ; 208 ; 139 ; 1.579 ; 494 ; 631 ; 1.037 ; 176.963 ; 1.317 ; 368 ; 222 ; 9.297 ; 623 ; 1.331 ; 0,2 ; 1,4 ; 0,9 ; 0,3 ; 1,0 ; 0,5 ; 0,1 ; 0,1 ; 0,8 ; 0,2 ; 0,3 ; 0,5 ; 87,3 ; 0,6 ; 0,2 ; 0,1 ; 4,6 ; 0,3 ; 0,7 
E06000015;Derby; 827 ; 1.416 ; 12.631 ; 21.034 ; 4.993 ; 6.110 ; 3.056 ; 1.316 ; 2.412 ; 924 ; 4.178 ; 2.048 ; 173.077 ; 1.982 ; 408 ; 1.163 ; 16.241 ; 1.032 ; 6.516 ; 0,3 ; 0,5 ; 4,8 ; 8,0 ; 1,9 ; 2,3 ; 1,2 ; 0,5 ; 0,9 ; 0,4 ; 1,6 ; 0,8 ; 66,2 ; 0,8 ; 0,2 ; 0,4 ; 6,2 ; 0,4 ; 2,5 
E06000016;Leicester; 7.055 ; 2.481 ; 126.421 ; 12.673 ; 11.347 ; 21.536 ; 4.466 ; 2.764 ; 3.659 ; 1.776 ; 5.025 ; 3.439 ; 122.395 ; 1.789 ; 457 ; 839 ; 25.177 ; 3.402 ; 11.870 ; 1,9 ; 0,7 ; 34,3 ; 3,4 ; 3,1 ; 5,8 ; 1,2 ; 0,7 ; 1,0 ; 0,5 ; 1,4 ; 0,9 ; 33,2 ; 0,5 ; 0,1 ; 0,2 ; 6,8 ; 0,9 ; 3,2 
E06000017;Rutland; 19 ; 149 ; 236 ; 60 ; 170 ; 251 ; 213 ; 88 ; 249 ; 93 ; 236 ; 166 ; 37.372 ; 265 ; 86 ; 18 ; 1.168 ; 13 ; 198 ; -   ; 0,4 ; 0,6 ; 0,1 ; 0,4 ; 0,6 ; 0,5 ; 0,2 ; 0,6 ; 0,2 ; 0,6 ; 0,4 ; 91,0 ; 0,6 ; 0,2 ; -   ; 2,8 ; -   ; 0,5 
E06000018;Nottingham; 2.223 ; 4.263 ; 11.515 ; 21.684 ; 8.532 ; 18.740 ; 9.339 ; 4.136 ; 3.363 ; 2.129 ; 10.129 ; 3.442 ; 185.580 ; 2.360 ; 269 ; 1.130 ; 24.091 ; 3.673 ; 7.037 ; 0,7 ; 1,3 ; 3,6 ; 6,7 ; 2,6 ; 5,8 ; 2,9 ; 1,3 ; 1,0 ; 0,7 ; 3,1 ; 1,1 ; 57,3 ; 0,7 ; 0,1 ; 0,3 ; 7,4 ; 1,1 ; 2,2 
E06000019;Herefordshire, County of; 55 ; 339 ; 843 ; 139 ; 842 ; 340 ; 150 ; 77 ; 689 ; 280 ; 473 ; 538 ; 170.419 ; 727 ; 431 ; 161 ; 9.510 ; 224 ; 795 ; -   ; 0,2 ; 0,5 ; 0,1 ; 0,5 ; 0,2 ; 0,1 ; -   ; 0,4 ; 0,1 ; 0,3 ; 0,3 ; 91,1 ; 0,4 ; 0,2 ; 0,1 ; 5,1 ; 0,1 ; 0,4 
E06000020;Telford and Wrekin; 207 ; 818 ; 4.559 ; 3.368 ; 1.115 ; 3.962 ; 748 ; 641 ; 1.315 ; 676 ; 2.083 ; 770 ; 153.936 ; 723 ; 203 ; 187 ; 8.589 ; 242 ; 1.401 ; 0,1 ; 0,4 ; 2,5 ; 1,8 ; 0,6 ; 2,1 ; 0,4 ; 0,3 ; 0,7 ; 0,4 ; 1,1 ; 0,4 ; 83,0 ; 0,4 ; 0,1 ; 0,1 ; 4,6 ; 0,1 ; 0,8 
E06000021;Stoke-on-Trent; 1.577 ; 1.073 ; 2.772 ; 15.579 ; 4.596 ; 5.048 ; 916 ; 920 ; 1.783 ; 1.020 ; 2.040 ; 1.017 ; 202.906 ; 572 ; 295 ; 428 ; 11.498 ; 690 ; 3.639 ; 0,6 ; 0,4 ; 1,1 ; 6,0 ; 1,8 ; 2,0 ; 0,4 ; 0,4 ; 0,7 ; 0,4 ; 0,8 ; 0,4 ; 78,5 ; 0,2 ; 0,1 ; 0,2 ; 4,5 ; 0,3 ; 1,4 
E06000022;Bath and North East Somerset; 359 ; 2.089 ; 1.787 ; 278 ; 1.876 ; 980 ; 616 ; 250 ; 1.846 ; 595 ; 1.505 ; 1.310 ; 165.478 ; 1.427 ; 71 ; 218 ; 11.114 ; 552 ; 1.058 ; 0,2 ; 1,1 ; 0,9 ; 0,1 ; 1,0 ; 0,5 ; 0,3 ; 0,1 ; 1,0 ; 0,3 ; 0,8 ; 0,7 ; 85,6 ; 0,7 ; -   ; 0,1 ; 5,7 ; 0,3 ; 0,5 
E06000023;Bristol, City of; 2.616 ; 5.466 ; 8.302 ; 9.064 ; 5.821 ; 18.149 ; 6.803 ; 2.938 ; 5.556 ; 2.621 ; 7.714 ; 5.225 ; 338.452 ; 4.288 ; 273 ; 966 ; 39.163 ; 2.540 ; 6.510 ; 0,6 ; 1,2 ; 1,8 ; 1,9 ; 1,2 ; 3,8 ; 1,4 ; 0,6 ; 1,2 ; 0,6 ; 1,6 ; 1,1 ; 71,6 ; 0,9 ; 0,1 ; 0,2 ; 8,3 ; 0,5 ; 1,4 
E06000024;North Somerset; 433 ; 725 ; 1.067 ; 148 ; 949 ; 733 ; 251 ; 155 ; 1.191 ; 497 ; 1.007 ; 940 ; 195.915 ; 1.210 ; 187 ; 169 ; 9.948 ; 247 ; 957 ; 0,2 ; 0,3 ; 0,5 ; 0,1 ; 0,4 ; 0,3 ; 0,1 ; 0,1 ; 0,5 ; 0,2 ; 0,5 ; 0,4 ; 90,4 ; 0,6 ; 0,1 ; 0,1 ; 4,6 ; 0,1 ; 0,4 
E06000025;South Gloucestershire; 581 ; 2.113 ; 4.867 ; 1.352 ; 2.181 ; 2.787 ; 1.219 ; 528 ; 1.953 ; 905 ; 2.711 ; 1.720 ; 249.160 ; 1.327 ; 443 ; 373 ; 13.553 ; 751 ; 1.900 ; 0,2 ; 0,7 ; 1,7 ; 0,5 ; 0,8 ; 1,0 ; 0,4 ; 0,2 ; 0,7 ; 0,3 ; 0,9 ; 0,6 ; 85,8 ; 0,5 ; 0,2 ; 0,1 ; 4,7 ; 0,3 ; 0,7 
E06000026;Plymouth; 537 ; 1.430 ; 1.403 ; 389 ; 2.188 ; 2.022 ; 460 ; 304 ; 1.349 ; 860 ; 1.108 ; 1.339 ; 236.802 ; 1.055 ; 165 ; 168 ; 10.537 ; 677 ; 1.902 ; 0,2 ; 0,5 ; 0,5 ; 0,1 ; 0,8 ; 0,8 ; 0,2 ; 0,1 ; 0,5 ; 0,3 ; 0,4 ; 0,5 ; 89,5 ; 0,4 ; 0,1 ; 0,1 ; 4,0 ; 0,3 ; 0,7 
E06000027;Torbay; 129 ; 435 ; 527 ; 162 ; 1.001 ; 264 ; 135 ; 48 ; 679 ; 288 ; 581 ; 536 ; 128.375 ; 714 ; 41 ; 78 ; 4.714 ; 136 ; 481 ; 0,1 ; 0,3 ; 0,4 ; 0,1 ; 0,7 ; 0,2 ; 0,1 ; -   ; 0,5 ; 0,2 ; 0,4 ; 0,4 ; 92,1 ; 0,5 ; -   ; 0,1 ; 3,4 ; 0,1 ; 0,3 
E06000030;Swindon; 1.403 ; 1.156 ; 17.643 ; 2.025 ; 4.946 ; 4.149 ; 1.044 ; 930 ; 1.694 ; 1.051 ; 1.972 ; 1.778 ; 173.231 ; 1.545 ; 177 ; 537 ; 14.652 ; 344 ; 3.134 ; 0,6 ; 0,5 ; 7,6 ; 0,9 ; 2,1 ; 1,8 ; 0,4 ; 0,4 ; 0,7 ; 0,5 ; 0,8 ; 0,8 ; 74,2 ; 0,7 ; 0,1 ; 0,2 ; 6,3 ; 0,1 ; 1,3 
E06000031;Peterborough; 442 ; 990 ; 7.169 ; 16.972 ; 5.228 ; 6.225 ; 1.419 ; 1.107 ; 2.021 ; 1.627 ; 1.990 ; 1.979 ; 128.353 ; 1.177 ; 551 ; 938 ; 31.562 ; 897 ; 5.023 ; 0,2 ; 0,5 ; 3,3 ; 7,9 ; 2,4 ; 2,9 ; 0,7 ; 0,5 ; 0,9 ; 0,8 ; 0,9 ; 0,9 ; 59,5 ; 0,5 ; 0,3 ; 0,4 ; 14,6 ; 0,4 ; 2,3 
E06000032;Luton; 20.630 ; 901 ; 12.096 ; 41.143 ; 8.555 ; 11.774 ; 8.216 ; 2.745 ; 2.429 ; 1.268 ; 3.486 ; 2.437 ; 71.532 ; 4.570 ; 238 ; 808 ; 24.650 ; 2.106 ; 5.677 ; 9,2 ; 0,4 ; 5,4 ; 18,3 ; 3,8 ; 5,2 ; 3,6 ; 1,2 ; 1,1 ; 0,6 ; 1,5 ; 1,1 ; 31,8 ; 2,0 ; 0,1 ; 0,4 ; 10,9 ; 0,9 ; 2,5 
E06000033;Southend-on-Sea; 1.615 ; 1.170 ; 2.828 ; 1.765 ; 2.486 ; 3.590 ; 839 ; 724 ; 1.527 ; 1.045 ; 1.580 ; 1.401 ; 147.442 ; 1.569 ; 106 ; 241 ; 8.721 ; 402 ; 1.634 ; 0,9 ; 0,6 ; 1,6 ; 1,0 ; 1,4 ; 2,0 ; 0,5 ; 0,4 ; 0,8 ; 0,6 ; 0,9 ; 0,8 ; 81,6 ; 0,9 ; 0,1 ; 0,1 ; 4,8 ; 0,2 ; 0,9 
E06000034;Thurrock; 2.502 ; 997 ; 3.982 ; 2.145 ; 2.579 ; 16.171 ; 2.174 ; 2.532 ; 1.099 ; 1.115 ; 1.693 ; 1.345 ; 116.430 ; 993 ; 428 ; 322 ; 16.811 ; 369 ; 2.306 ; 1,4 ; 0,6 ; 2,3 ; 1,2 ; 1,5 ; 9,2 ; 1,2 ; 1,4 ; 0,6 ; 0,6 ; 1,0 ; 0,8 ; 66,2 ; 0,6 ; 0,2 ; 0,2 ; 9,6 ; 0,2 ; 1,3 
E06000035;Medway; 1.962 ; 1.273 ; 7.693 ; 2.125 ; 3.431 ; 11.266 ; 2.552 ; 1.905 ; 2.158 ; 1.394 ; 2.425 ; 1.882 ; 218.953 ; 1.866 ; 749 ; 469 ; 13.710 ; 452 ; 3.508 ; 0,7 ; 0,5 ; 2,7 ; 0,8 ; 1,2 ; 4,0 ; 0,9 ; 0,7 ; 0,8 ; 0,5 ; 0,9 ; 0,7 ; 78,3 ; 0,7 ; 0,3 ; 0,2 ; 4,9 ; 0,2 ; 1,3 
E06000036;Bracknell Forest; 219 ; 828 ; 3.774 ; 947 ; 3.111 ; 2.072 ; 554 ; 367 ; 1.337 ; 565 ; 970 ; 971 ; 96.950 ; 1.038 ; 161 ; 164 ; 8.956 ; 310 ; 1.311 ; 0,2 ; 0,7 ; 3,0 ; 0,8 ; 2,5 ; 1,7 ; 0,4 ; 0,3 ; 1,1 ; 0,5 ; 0,8 ; 0,8 ; 77,8 ; 0,8 ; 0,1 ; 0,1 ; 7,2 ; 0,2 ; 1,1 
E06000037;West Berkshire; 398 ; 801 ; 3.087 ; 658 ; 1.046 ; 1.095 ; 627 ; 308 ; 1.274 ; 501 ; 1.054 ; 1.028 ; 138.253 ; 1.404 ; 190 ; 158 ; 8.379 ; 279 ; 907 ; 0,2 ; 0,5 ; 1,9 ; 0,4 ; 0,6 ; 0,7 ; 0,4 ; 0,2 ; 0,8 ; 0,3 ; 0,7 ; 0,6 ; 85,6 ; 0,9 ; 0,1 ; 0,1 ; 5,2 ; 0,2 ; 0,6 
E06000038;Reading; 1.132 ; 2.694 ; 10.777 ; 8.279 ; 7.959 ; 7.665 ; 3.293 ; 1.574 ; 2.117 ; 1.249 ; 3.555 ; 2.041 ; 93.167 ; 2.040 ; 107 ; 573 ; 20.999 ; 1.282 ; 3.720 ; 0,6 ; 1,5 ; 6,2 ; 4,8 ; 4,6 ; 4,4 ; 1,9 ; 0,9 ; 1,2 ; 0,7 ; 2,0 ; 1,2 ; 53,5 ; 1,2 ; 0,1 ; 0,3 ; 12,1 ; 0,7 ; 2,1 
E06000039;Slough; 910 ; 594 ; 30.209 ; 34.317 ; 8.063 ; 7.815 ; 2.771 ; 1.406 ; 1.945 ; 824 ; 1.854 ; 1.688 ; 38.101 ; 1.143 ; 237 ; 357 ; 17.296 ; 1.826 ; 7.144 ; 0,6 ; 0,4 ; 19,1 ; 21,7 ; 5,1 ; 4,9 ; 1,7 ; 0,9 ; 1,2 ; 0,5 ; 1,2 ; 1,1 ; 24,0 ; 0,7 ; 0,1 ; 0,2 ; 10,9 ; 1,2 ; 4,5 
E06000040;Windsor and Maidenhead; 405 ; 1.329 ; 9.823 ; 6.177 ; 2.338 ; 1.433 ; 628 ; 297 ; 2.195 ; 617 ; 926 ; 1.500 ; 105.991 ; 2.176 ; 287 ; 197 ; 13.900 ; 816 ; 2.462 ; 0,3 ; 0,9 ; 6,4 ; 4,0 ; 1,5 ; 0,9 ; 0,4 ; 0,2 ; 1,4 ; 0,4 ; 0,6 ; 1,0 ; 69,1 ; 1,4 ; 0,2 ; 0,1 ; 9,1 ; 0,5 ; 1,6 
E06000041;Wokingham; 388 ; 2.392 ; 12.412 ; 5.241 ; 2.435 ; 2.914 ; 864 ; 528 ; 2.212 ; 667 ; 1.304 ; 1.391 ; 129.087 ; 1.504 ; 331 ; 179 ; 10.750 ; 948 ; 1.955 ; 0,2 ; 1,3 ; 7,0 ; 3,0 ; 1,4 ; 1,6 ; 0,5 ; 0,3 ; 1,2 ; 0,4 ; 0,7 ; 0,8 ; 72,7 ; 0,8 ; 0,2 ; 0,1 ; 6,1 ; 0,5 ; 1,1 
E06000042;Milton Keynes; 3.189 ; 2.913 ; 15.348 ; 7.163 ; 7.032 ; 21.502 ; 2.975 ; 3.374 ; 2.973 ; 2.551 ; 2.997 ; 3.204 ; 178.568 ; 2.382 ; 156 ; 578 ; 24.430 ; 1.349 ; 4.376 ; 1,1 ; 1,0 ; 5,3 ; 2,5 ; 2,4 ; 7,5 ; 1,0 ; 1,2 ; 1,0 ; 0,9 ; 1,0 ; 1,1 ; 62,2 ; 0,8 ; 0,1 ; 0,2 ; 8,5 ; 0,5 ; 1,5 
E06000043;Brighton and Hove; 1.729 ; 3.065 ; 3.633 ; 929 ; 3.861 ; 3.949 ; 988 ; 521 ; 4.198 ; 2.334 ; 2.410 ; 4.286 ; 204.831 ; 3.944 ; 197 ; 787 ; 26.812 ; 3.049 ; 5.580 ; 0,6 ; 1,1 ; 1,3 ; 0,3 ; 1,4 ; 1,4 ; 0,4 ; 0,2 ; 1,5 ; 0,8 ; 0,9 ; 1,5 ; 73,9 ; 1,4 ; 0,1 ; 0,3 ; 9,7 ; 1,1 ; 2,0 
E06000044;Portsmouth; 4.742 ; 2.116 ; 3.104 ; 603 ; 3.805 ; 5.369 ; 950 ; 751 ; 1.540 ; 1.244 ; 1.176 ; 1.527 ; 161.664 ; 1.066 ; 118 ; 324 ; 14.105 ; 1.007 ; 2.790 ; 2,3 ; 1,0 ; 1,5 ; 0,3 ; 1,8 ; 2,6 ; 0,5 ; 0,4 ; 0,7 ; 0,6 ; 0,6 ; 0,7 ; 77,7 ; 0,5 ; 0,1 ; 0,2 ; 6,8 ; 0,5 ; 1,3 
E06000045;Southampton; 2.064 ; 4.149 ; 9.169 ; 4.248 ; 6.784 ; 5.627 ; 1.103 ; 809 ; 2.444 ; 1.535 ; 2.173 ; 2.157 ; 169.481 ; 1.643 ; 340 ; 578 ; 28.787 ; 1.311 ; 4.518 ; 0,8 ; 1,7 ; 3,7 ; 1,7 ; 2,7 ; 2,3 ; 0,4 ; 0,3 ; 1,0 ; 0,6 ; 0,9 ; 0,9 ; 68,1 ; 0,7 ; 0,1 ; 0,2 ; 11,6 ; 0,5 ; 1,8 
E06000046;Isle of Wight; 153 ; 250 ; 316 ; 98 ; 846 ; 296 ; 128 ; 54 ; 584 ; 207 ; 497 ; 432 ; 131.697 ; 830 ; 67 ; 75 ; 3.550 ; 88 ; 291 ; 0,1 ; 0,2 ; 0,2 ; 0,1 ; 0,6 ; 0,2 ; 0,1 ; -   ; 0,4 ; 0,1 ; 0,4 ; 0,3 ; 93,8 ; 0,6 ; -   ; 0,1 ; 2,5 ; 0,1 ; 0,2 
E06000047;County Durham; 300 ; 2.838 ; 2.148 ; 730 ; 1.818 ; 1.202 ; 284 ; 254 ; 1.962 ; 914 ; 906 ; 1.167 ; 494.638 ; 1.384 ; 798 ; 157 ; 8.494 ; 825 ; 1.248 ; 0,1 ; 0,5 ; 0,4 ; 0,1 ; 0,3 ; 0,2 ; 0,1 ; -   ; 0,4 ; 0,2 ; 0,2 ; 0,2 ; 94,7 ; 0,3 ; 0,2 ; -   ; 1,6 ; 0,2 ; 0,2 
E06000049;Cheshire East; 626 ; 1.543 ; 3.480 ; 1.437 ; 2.445 ; 1.472 ; 608 ; 342 ; 2.473 ; 884 ; 1.952 ; 1.750 ; 357.337 ; 2.559 ; 345 ; 418 ; 15.884 ; 709 ; 2.508 ; 0,2 ; 0,4 ; 0,9 ; 0,4 ; 0,6 ; 0,4 ; 0,2 ; 0,1 ; 0,6 ; 0,2 ; 0,5 ; 0,4 ; 89,6 ; 0,6 ; 0,1 ; 0,1 ; 4,0 ; 0,2 ; 0,6 
E06000050;Cheshire West and Chester; 742 ; 1.337 ; 2.338 ; 656 ; 2.158 ; 1.515 ; 373 ; 219 ; 1.961 ; 904 ; 1.181 ; 1.245 ; 325.620 ; 2.651 ; 354 ; 221 ; 11.515 ; 595 ; 1.564 ; 0,2 ; 0,4 ; 0,7 ; 0,2 ; 0,6 ; 0,4 ; 0,1 ; 0,1 ; 0,5 ; 0,3 ; 0,3 ; 0,3 ; 91,2 ; 0,7 ; 0,1 ; 0,1 ; 3,2 ; 0,2 ; 0,4 
E06000051;Shropshire; 237 ; 909 ; 1.614 ; 443 ; 1.121 ; 576 ; 300 ; 241 ; 1.259 ; 400 ; 1.126 ; 1.076 ; 301.918 ; 1.506 ; 349 ; 158 ; 8.945 ; 386 ; 1.043 ; 0,1 ; 0,3 ; 0,5 ; 0,1 ; 0,3 ; 0,2 ; 0,1 ; 0,1 ; 0,4 ; 0,1 ; 0,3 ; 0,3 ; 93,3 ; 0,5 ; 0,1 ; -   ; 2,8 ; 0,1 ; 0,3 
E06000052;Cornwall; 319 ; 1.033 ; 784 ; 233 ; 1.663 ; 574 ; 302 ; 182 ; 2.446 ; 895 ; 1.693 ; 1.996 ; 533.882 ; 2.455 ; 717 ; 289 ; 14.787 ; 298 ; 5.757 ; 0,1 ; 0,2 ; 0,1 ; -   ; 0,3 ; 0,1 ; 0,1 ; -   ; 0,4 ; 0,2 ; 0,3 ; 0,3 ; 93,6 ; 0,4 ; 0,1 ; 0,1 ; 2,6 ; 0,1 ; 1,0 
E06000053;Isles of Scilly; -   ; 1 ; -   ; -   ; 5 ; 2 ; 2 ; -   ; 8 ; 8 ; 2 ; 5 ; 1.926 ; 9 ; 1 ; -   ; 68 ; -   ; 18 ; -   ; -   ; -   ; -   ; 0,2 ; 0,1 ; 0,1 ; -   ; 0,4 ; 0,4 ; 0,1 ; 0,2 ; 93,7 ; 0,4 ; -   ; -   ; 3,3 ; -   ; 0,9 
E06000054;Wiltshire; 934 ; 1.494 ; 2.810 ; 396 ; 5.242 ; 2.984 ; 1.589 ; 1.213 ; 2.703 ; 1.161 ; 2.479 ; 2.366 ; 459.594 ; 2.591 ; 711 ; 260 ; 18.257 ; 637 ; 2.912 ; 0,2 ; 0,3 ; 0,6 ; 0,1 ; 1,0 ; 0,6 ; 0,3 ; 0,2 ; 0,5 ; 0,2 ; 0,5 ; 0,5 ; 90,1 ; 0,5 ; 0,1 ; 0,1 ; 3,6 ; 0,1 ; 0,6 
E06000055;Bedford; 4.486 ; 756 ; 10.074 ; 5.297 ; 2.650 ; 5.448 ; 3.227 ; 1.173 ; 2.146 ; 939 ; 3.638 ; 1.863 ; 118.779 ; 1.798 ; 208 ; 483 ; 18.906 ; 557 ; 2.796 ; 2,4 ; 0,4 ; 5,4 ; 2,9 ; 1,4 ; 2,9 ; 1,7 ; 0,6 ; 1,2 ; 0,5 ; 2,0 ; 1,0 ; 64,1 ; 1,0 ; 0,1 ; 0,3 ; 10,2 ; 0,3 ; 1,5 
E06000056;Central Bedfordshire; 572 ; 1.368 ; 4.684 ; 1.312 ; 2.385 ; 3.942 ; 2.148 ; 928 ; 2.572 ; 1.095 ; 3.121 ; 2.097 ; 245.769 ; 3.527 ; 436 ; 297 ; 15.516 ; 493 ; 1.989 ; 0,2 ; 0,5 ; 1,6 ; 0,4 ; 0,8 ; 1,3 ; 0,7 ; 0,3 ; 0,9 ; 0,4 ; 1,1 ; 0,7 ; 83,5 ; 1,2 ; 0,1 ; 0,1 ; 5,3 ; 0,2 ; 0,7 
E06000057;Northumberland; 302 ; 521 ; 1.183 ; 514 ; 854 ; 400 ; 124 ; 74 ; 1.033 ; 440 ; 456 ; 628 ; 308.015 ; 910 ; 176 ; 62 ; 3.864 ; 268 ; 742 ; 0,1 ; 0,2 ; 0,4 ; 0,2 ; 0,3 ; 0,1 ; -   ; -   ; 0,3 ; 0,1 ; 0,1 ; 0,2 ; 96,1 ; 0,3 ; 0,1 ; -   ; 1,2 ; 0,1 ; 0,2 
E06000058;Bournemouth, Christchurch and Poole; 1.219 ; 2.569 ; 4.678 ; 596 ; 4.489 ; 2.833 ; 917 ; 483 ; 3.213 ; 1.839 ; 2.660 ; 3.381 ; 329.609 ; 2.611 ; 489 ; 864 ; 31.937 ; 1.371 ; 4.437 ; 0,3 ; 0,6 ; 1,2 ; 0,1 ; 1,1 ; 0,7 ; 0,2 ; 0,1 ; 0,8 ; 0,5 ; 0,7 ; 0,8 ; 82,4 ; 0,7 ; 0,1 ; 0,2 ; 8,0 ; 0,3 ; 1,1 
E06000059;Dorset; 463 ; 815 ; 926 ; 242 ; 1.859 ; 605 ; 296 ; 181 ; 1.635 ; 601 ; 1.011 ; 1.189 ; 356.270 ; 1.917 ; 580 ; 161 ; 9.487 ; 223 ; 1.119 ; 0,1 ; 0,2 ; 0,2 ; 0,1 ; 0,5 ; 0,2 ; 0,1 ; -   ; 0,4 ; 0,2 ; 0,3 ; 0,3 ; 93,9 ; 0,5 ; 0,2 ; -   ; 2,5 ; 0,1 ; 0,3 
E06000060;Buckinghamshire; 1.673 ; 3.010 ; 24.181 ; 29.546 ; 9.908 ; 6.811 ; 5.668 ; 1.790 ; 6.744 ; 1.902 ; 5.940 ; 4.984 ; 401.489 ; 6.370 ; 623 ; 550 ; 33.132 ; 1.561 ; 7.196 ; 0,3 ; 0,5 ; 4,4 ; 5,3 ; 1,8 ; 1,2 ; 1,0 ; 0,3 ; 1,2 ; 0,3 ; 1,1 ; 0,9 ; 72,6 ; 1,2 ; 0,1 ; 0,1 ; 6,0 ; 0,3 ; 1,3 
E06000061;North Northamptonshire; 1.104 ; 1.005 ; 7.325 ; 1.029 ; 2.263 ; 6.889 ; 2.473 ; 1.655 ; 1.926 ; 1.320 ; 3.024 ; 1.905 ; 289.274 ; 2.590 ; 365 ; 736 ; 31.699 ; 338 ; 2.603 ; 0,3 ; 0,3 ; 2,0 ; 0,3 ; 0,6 ; 1,9 ; 0,7 ; 0,5 ; 0,5 ; 0,4 ; 0,8 ; 0,5 ; 80,5 ; 0,7 ; 0,1 ; 0,2 ; 8,8 ; 0,1 ; 0,7 
E06000062;West Northamptonshire; 4.660 ; 1.892 ; 9.661 ; 2.916 ; 3.334 ; 14.304 ; 3.647 ; 2.710 ; 2.720 ; 1.797 ; 4.619 ; 2.980 ; 319.509 ; 3.872 ; 340 ; 1.409 ; 40.628 ; 685 ; 4.040 ; 1,1 ; 0,4 ; 2,3 ; 0,7 ; 0,8 ; 3,4 ; 0,9 ; 0,6 ; 0,6 ; 0,4 ; 1,1 ; 0,7 ; 75,1 ; 0,9 ; 0,1 ; 0,3 ; 9,5 ; 0,2 ; 0,9 
E07000008;Cambridge; 2.874 ; 6.362 ; 5.916 ; 1.500 ; 4.974 ; 2.519 ; 639 ; 403 ; 2.987 ; 1.010 ; 1.152 ; 2.261 ; 77.195 ; 1.885 ; 110 ; 885 ; 28.495 ; 1.141 ; 3.366 ; 2,0 ; 4,4 ; 4,1 ; 1,0 ; 3,4 ; 1,7 ; 0,4 ; 0,3 ; 2,1 ; 0,7 ; 0,8 ; 1,6 ; 53,0 ; 1,3 ; 0,1 ; 0,6 ; 19,6 ; 0,8 ; 2,3 
E07000009;East Cambridgeshire; 118 ; 344 ; 537 ; 147 ; 542 ; 460 ; 119 ; 126 ; 618 ; 312 ; 327 ; 626 ; 75.897 ; 664 ; 265 ; 118 ; 5.968 ; 87 ; 488 ; 0,1 ; 0,4 ; 0,6 ; 0,2 ; 0,6 ; 0,5 ; 0,1 ; 0,1 ; 0,7 ; 0,4 ; 0,4 ; 0,7 ; 86,5 ; 0,8 ; 0,3 ; 0,1 ; 6,8 ; 0,1 ; 0,6 
E07000010;Fenland; 72 ; 245 ; 387 ; 85 ; 443 ; 455 ; 223 ; 136 ; 382 ; 220 ; 416 ; 394 ; 88.028 ; 434 ; 593 ; 167 ; 9.058 ; 47 ; 676 ; 0,1 ; 0,2 ; 0,4 ; 0,1 ; 0,4 ; 0,4 ; 0,2 ; 0,1 ; 0,4 ; 0,2 ; 0,4 ; 0,4 ; 85,9 ; 0,4 ; 0,6 ; 0,2 ; 8,8 ; -   ; 0,7 
E07000011;Huntingdonshire; 417 ; 687 ; 1.779 ; 1.261 ; 1.601 ; 1.766 ; 483 ; 397 ; 1.220 ; 636 ; 1.010 ; 1.191 ; 154.089 ; 1.255 ; 272 ; 128 ; 11.372 ; 167 ; 1.101 ; 0,2 ; 0,4 ; 1,0 ; 0,7 ; 0,9 ; 1,0 ; 0,3 ; 0,2 ; 0,7 ; 0,4 ; 0,6 ; 0,7 ; 85,2 ; 0,7 ; 0,2 ; 0,1 ; 6,3 ; 0,1 ; 0,6 
E07000012;South Cambridgeshire; 420 ; 1.956 ; 4.205 ; 857 ; 1.961 ; 1.431 ; 341 ; 247 ; 1.832 ; 600 ; 788 ; 1.371 ; 128.985 ; 1.447 ; 478 ; 175 ; 13.200 ; 414 ; 1.409 ; 0,3 ; 1,2 ; 2,6 ; 0,5 ; 1,2 ; 0,9 ; 0,2 ; 0,2 ; 1,1 ; 0,4 ; 0,5 ; 0,8 ; 79,6 ; 0,9 ; 0,3 ; 0,1 ; 8,1 ; 0,3 ; 0,9 
E07000026;Allerdale; 43 ; 139 ; 103 ; 34 ; 221 ; 59 ; 19 ; 6 ; 241 ; 74 ; 137 ; 175 ; 92.981 ; 241 ; 53 ; 33 ; 1.359 ; 38 ; 197 ; -   ; 0,1 ; 0,1 ; -   ; 0,2 ; 0,1 ; -   ; -   ; 0,3 ; 0,1 ; 0,1 ; 0,2 ; 96,7 ; 0,3 ; 0,1 ; -   ; 1,4 ; -   ; 0,2 
E07000027;Barrow-in-Furness; 59 ; 227 ; 240 ; 54 ; 369 ; 223 ; 14 ; 13 ; 227 ; 67 ; 115 ; 141 ; 64.485 ; 179 ; 21 ; 17 ; 710 ; 85 ; 160 ; 0,1 ; 0,3 ; 0,4 ; 0,1 ; 0,5 ; 0,3 ; -   ; -   ; 0,3 ; 0,1 ; 0,2 ; 0,2 ; 95,7 ; 0,3 ; -   ; -   ; 1,1 ; 0,1 ; 0,2 
E07000028;Carlisle; 179 ; 365 ; 430 ; 133 ; 521 ; 273 ; 42 ; 22 ; 348 ; 186 ; 161 ; 278 ; 102.004 ; 437 ; 188 ; 84 ; 3.795 ; 197 ; 382 ; 0,2 ; 0,3 ; 0,4 ; 0,1 ; 0,5 ; 0,2 ; -   ; -   ; 0,3 ; 0,2 ; 0,1 ; 0,3 ; 92,7 ; 0,4 ; 0,2 ; 0,1 ; 3,4 ; 0,2 ; 0,3 
E07000029;Copeland; 56 ; 122 ; 123 ; 51 ; 195 ; 141 ; 34 ; 10 ; 175 ; 59 ; 99 ; 117 ; 64.851 ; 163 ; 23 ; 11 ; 666 ; 61 ; 119 ; 0,1 ; 0,2 ; 0,2 ; 0,1 ; 0,3 ; 0,2 ; 0,1 ; -   ; 0,3 ; 0,1 ; 0,1 ; 0,2 ; 96,7 ; 0,2 ; -   ; -   ; 1,0 ; 0,1 ; 0,2 
E07000030;Eden; 78 ; 86 ; 133 ; 21 ; 117 ; 50 ; 27 ; 10 ; 134 ; 45 ; 69 ; 120 ; 51.891 ; 203 ; 49 ; 30 ; 1.526 ; 20 ; 128 ; 0,1 ; 0,2 ; 0,2 ; -   ; 0,2 ; 0,1 ; -   ; -   ; 0,2 ; 0,1 ; 0,1 ; 0,2 ; 94,8 ; 0,4 ; 0,1 ; 0,1 ; 2,8 ; -   ; 0,2 
E07000031;South Lakeland; 31 ; 192 ; 165 ; 63 ; 361 ; 120 ; 102 ; 29 ; 363 ; 159 ; 214 ; 298 ; 97.960 ; 446 ; 34 ; 73 ; 3.512 ; 60 ; 268 ; -   ; 0,2 ; 0,2 ; 0,1 ; 0,3 ; 0,1 ; 0,1 ; -   ; 0,3 ; 0,2 ; 0,2 ; 0,3 ; 93,8 ; 0,4 ; -   ; 0,1 ; 3,4 ; 0,1 ; 0,3 
E07000032;Amber Valley; 37 ; 282 ; 496 ; 112 ; 281 ; 180 ; 149 ; 52 ; 467 ; 169 ; 619 ; 293 ; 119.934 ; 453 ; 66 ; 35 ; 2.279 ; 26 ; 274 ; -   ; 0,2 ; 0,4 ; 0,1 ; 0,2 ; 0,1 ; 0,1 ; -   ; 0,4 ; 0,1 ; 0,5 ; 0,2 ; 95,0 ; 0,4 ; 0,1 ; -   ; 1,8 ; -   ; 0,2 
E07000033;Bolsover; 12 ; 152 ; 266 ; 86 ; 206 ; 246 ; 111 ; 62 ; 190 ; 102 ; 288 ; 164 ; 74.852 ; 198 ; 96 ; 34 ; 2.963 ; 42 ; 200 ; -   ; 0,2 ; 0,3 ; 0,1 ; 0,3 ; 0,3 ; 0,1 ; 0,1 ; 0,2 ; 0,1 ; 0,4 ; 0,2 ; 93,3 ; 0,2 ; 0,1 ; -   ; 3,7 ; 0,1 ; 0,2 
E07000034;Chesterfield; 75 ; 363 ; 679 ; 416 ; 417 ; 444 ; 260 ; 135 ; 363 ; 185 ; 594 ; 356 ; 96.392 ; 415 ; 30 ; 38 ; 1.982 ; 83 ; 341 ; 0,1 ; 0,4 ; 0,7 ; 0,4 ; 0,4 ; 0,4 ; 0,3 ; 0,1 ; 0,4 ; 0,2 ; 0,6 ; 0,3 ; 93,1 ; 0,4 ; -   ; -   ; 1,9 ; 0,1 ; 0,3 
E07000035;Derbyshire Dales; 10 ; 117 ; 160 ; 100 ; 131 ; 57 ; 71 ; 41 ; 290 ; 77 ; 172 ; 184 ; 68.326 ; 355 ; 38 ; 9 ; 1.212 ; 47 ; 138 ; -   ; 0,2 ; 0,2 ; 0,1 ; 0,2 ; 0,1 ; 0,1 ; 0,1 ; 0,4 ; 0,1 ; 0,2 ; 0,3 ; 95,5 ; 0,5 ; 0,1 ; -   ; 1,7 ; 0,1 ; 0,2 
E07000036;Erewash; 44 ; 320 ; 921 ; 149 ; 354 ; 347 ; 405 ; 119 ; 518 ; 198 ; 979 ; 353 ; 104.400 ; 532 ; 38 ; 60 ; 2.739 ; 62 ; 370 ; -   ; 0,3 ; 0,8 ; 0,1 ; 0,3 ; 0,3 ; 0,4 ; 0,1 ; 0,5 ; 0,2 ; 0,9 ; 0,3 ; 92,5 ; 0,5 ; -   ; 0,1 ; 2,4 ; 0,1 ; 0,3 
E07000037;High Peak; 7 ; 221 ; 140 ; 77 ; 249 ; 119 ; 70 ; 34 ; 377 ; 163 ; 346 ; 299 ; 86.183 ; 639 ; 20 ; 12 ; 1.760 ; 30 ; 189 ; -   ; 0,2 ; 0,2 ; 0,1 ; 0,3 ; 0,1 ; 0,1 ; -   ; 0,4 ; 0,2 ; 0,4 ; 0,3 ; 94,8 ; 0,7 ; -   ; -   ; 1,9 ; -   ; 0,2 
E07000038;North East Derbyshire; 20 ; 216 ; 327 ; 110 ; 279 ; 170 ; 107 ; 47 ; 372 ; 141 ; 421 ; 236 ; 97.657 ; 306 ; 45 ; 15 ; 1.344 ; 23 ; 167 ; -   ; 0,2 ; 0,3 ; 0,1 ; 0,3 ; 0,2 ; 0,1 ; -   ; 0,4 ; 0,1 ; 0,4 ; 0,2 ; 95,7 ; 0,3 ; -   ; -   ; 1,3 ; -   ; 0,2 
E07000039;South Derbyshire; 29 ; 287 ; 2.630 ; 401 ; 494 ; 465 ; 294 ; 96 ; 616 ; 189 ; 786 ; 343 ; 96.634 ; 437 ; 72 ; 50 ; 2.643 ; 88 ; 652 ; -   ; 0,3 ; 2,5 ; 0,4 ; 0,5 ; 0,4 ; 0,3 ; 0,1 ; 0,6 ; 0,2 ; 0,7 ; 0,3 ; 90,1 ; 0,4 ; 0,1 ; -   ; 2,5 ; 0,1 ; 0,6 
E07000040;East Devon; 181 ; 304 ; 273 ; 28 ; 673 ; 202 ; 99 ; 47 ; 624 ; 223 ; 387 ; 486 ; 142.011 ; 710 ; 147 ; 56 ; 3.923 ; 89 ; 360 ; 0,1 ; 0,2 ; 0,2 ; -   ; 0,4 ; 0,1 ; 0,1 ; -   ; 0,4 ; 0,1 ; 0,3 ; 0,3 ; 94,2 ; 0,5 ; 0,1 ; -   ; 2,6 ; 0,1 ; 0,2 
E07000041;Exeter; 513 ; 2.020 ; 1.588 ; 274 ; 1.980 ; 893 ; 137 ; 107 ; 1.305 ; 484 ; 503 ; 1.016 ; 108.095 ; 875 ; 100 ; 181 ; 8.783 ; 802 ; 1.051 ; 0,4 ; 1,5 ; 1,2 ; 0,2 ; 1,5 ; 0,7 ; 0,1 ; 0,1 ; 1,0 ; 0,4 ; 0,4 ; 0,8 ; 82,7 ; 0,7 ; 0,1 ; 0,1 ; 6,7 ; 0,6 ; 0,8 
E07000042;Mid Devon; 24 ; 182 ; 168 ; 15 ; 173 ; 63 ; 22 ; 16 ; 319 ; 122 ; 194 ; 264 ; 77.699 ; 326 ; 142 ; 47 ; 2.854 ; 33 ; 190 ; -   ; 0,2 ; 0,2 ; -   ; 0,2 ; 0,1 ; -   ; -   ; 0,4 ; 0,1 ; 0,2 ; 0,3 ; 93,8 ; 0,4 ; 0,2 ; 0,1 ; 3,4 ; -   ; 0,2 
E07000043;North Devon; 87 ; 191 ; 324 ; 90 ; 443 ; 179 ; 80 ; 66 ; 417 ; 136 ; 297 ; 324 ; 92.944 ; 387 ; 58 ; 54 ; 2.196 ; 82 ; 257 ; 0,1 ; 0,2 ; 0,3 ; 0,1 ; 0,4 ; 0,2 ; 0,1 ; 0,1 ; 0,4 ; 0,1 ; 0,3 ; 0,3 ; 94,3 ; 0,4 ; 0,1 ; 0,1 ; 2,2 ; 0,1 ; 0,3 
E07000044;South Hams; 34 ; 158 ; 175 ; 35 ; 212 ; 71 ; 61 ; 17 ; 413 ; 107 ; 210 ; 318 ; 83.481 ; 456 ; 81 ; 51 ; 2.358 ; 147 ; 243 ; -   ; 0,2 ; 0,2 ; -   ; 0,2 ; 0,1 ; 0,1 ; -   ; 0,5 ; 0,1 ; 0,2 ; 0,4 ; 94,2 ; 0,5 ; 0,1 ; 0,1 ; 2,7 ; 0,2 ; 0,3 
E07000045;Teignbridge; 111 ; 251 ; 190 ; 34 ; 418 ; 136 ; 51 ; 29 ; 568 ; 190 ; 313 ; 493 ; 127.937 ; 575 ; 131 ; 39 ; 2.986 ; 68 ; 282 ; 0,1 ; 0,2 ; 0,1 ; -   ; 0,3 ; 0,1 ; -   ; -   ; 0,4 ; 0,1 ; 0,2 ; 0,4 ; 94,9 ; 0,4 ; 0,1 ; -   ; 2,2 ; 0,1 ; 0,2 
E07000046;Torridge; 12 ; 110 ; 66 ; 13 ; 155 ; 31 ; 31 ; 13 ; 250 ; 65 ; 149 ; 166 ; 65.452 ; 288 ; 54 ; 16 ; 1.110 ; 19 ; 114 ; -   ; 0,2 ; 0,1 ; -   ; 0,2 ; -   ; -   ; -   ; 0,4 ; 0,1 ; 0,2 ; 0,2 ; 96,1 ; 0,4 ; 0,1 ; -   ; 1,6 ; -   ; 0,2 
E07000047;West Devon; 18 ; 97 ; 70 ; 10 ; 142 ; 68 ; 26 ; 28 ; 223 ; 66 ; 113 ; 224 ; 54.196 ; 271 ; 40 ; 34 ; 1.306 ; 44 ; 118 ; -   ; 0,2 ; 0,1 ; -   ; 0,2 ; 0,1 ; -   ; -   ; 0,4 ; 0,1 ; 0,2 ; 0,4 ; 94,9 ; 0,5 ; 0,1 ; 0,1 ; 2,3 ; 0,1 ; 0,2 
E07000061;Eastbourne; 466 ; 550 ; 906 ; 170 ; 1.452 ; 883 ; 259 ; 166 ; 812 ; 508 ; 659 ; 823 ; 83.465 ; 960 ; 77 ; 136 ; 7.704 ; 445 ; 1.239 ; 0,5 ; 0,5 ; 0,9 ; 0,2 ; 1,4 ; 0,9 ; 0,3 ; 0,2 ; 0,8 ; 0,5 ; 0,6 ; 0,8 ; 82,1 ; 0,9 ; 0,1 ; 0,1 ; 7,6 ; 0,4 ; 1,2 
E07000062;Hastings; 343 ; 366 ; 595 ; 125 ; 1.107 ; 782 ; 304 ; 176 ; 724 ; 404 ; 758 ; 753 ; 77.418 ; 780 ; 128 ; 164 ; 4.701 ; 330 ; 1.037 ; 0,4 ; 0,4 ; 0,7 ; 0,1 ; 1,2 ; 0,9 ; 0,3 ; 0,2 ; 0,8 ; 0,4 ; 0,8 ; 0,8 ; 85,1 ; 0,9 ; 0,1 ; 0,2 ; 5,2 ; 0,4 ; 1,1 
E07000063;Lewes; 249 ; 376 ; 482 ; 98 ; 694 ; 436 ; 182 ; 104 ; 795 ; 405 ; 531 ; 730 ; 88.830 ; 811 ; 100 ; 67 ; 4.293 ; 186 ; 540 ; 0,2 ; 0,4 ; 0,5 ; 0,1 ; 0,7 ; 0,4 ; 0,2 ; 0,1 ; 0,8 ; 0,4 ; 0,5 ; 0,7 ; 88,9 ; 0,8 ; 0,1 ; 0,1 ; 4,3 ; 0,2 ; 0,5 
E07000064;Rother; 118 ; 265 ; 427 ; 27 ; 553 ; 344 ; 163 ; 54 ; 568 ; 265 ; 421 ; 448 ; 85.362 ; 782 ; 168 ; 47 ; 2.634 ; 126 ; 342 ; 0,1 ; 0,3 ; 0,5 ; -   ; 0,6 ; 0,4 ; 0,2 ; 0,1 ; 0,6 ; 0,3 ; 0,5 ; 0,5 ; 91,7 ; 0,8 ; 0,2 ; 0,1 ; 2,8 ; 0,1 ; 0,4 
E07000065;Wealden; 246 ; 437 ; 712 ; 83 ; 772 ; 371 ; 196 ; 79 ; 1.060 ; 389 ; 524 ; 736 ; 146.968 ; 1.092 ; 397 ; 104 ; 5.248 ; 158 ; 580 ; 0,2 ; 0,3 ; 0,4 ; 0,1 ; 0,5 ; 0,2 ; 0,1 ; -   ; 0,7 ; 0,2 ; 0,3 ; 0,5 ; 91,8 ; 0,7 ; 0,2 ; 0,1 ; 3,3 ; 0,1 ; 0,4 
E07000066;Basildon; 729 ; 735 ; 3.855 ; 864 ; 1.812 ; 6.402 ; 1.279 ; 1.232 ; 1.143 ; 892 ; 1.733 ; 1.170 ; 154.045 ; 1.227 ; 237 ; 281 ; 8.326 ; 243 ; 1.362 ; 0,4 ; 0,4 ; 2,1 ; 0,5 ; 1,0 ; 3,4 ; 0,7 ; 0,7 ; 0,6 ; 0,5 ; 0,9 ; 0,6 ; 82,1 ; 0,7 ; 0,1 ; 0,1 ; 4,4 ; 0,1 ; 0,7 
E07000067;Braintree; 221 ; 365 ; 834 ; 229 ; 917 ; 1.205 ; 442 ; 242 ; 880 ; 437 ; 844 ; 853 ; 140.283 ; 1.085 ; 161 ; 67 ; 5.385 ; 106 ; 709 ; 0,1 ; 0,2 ; 0,5 ; 0,1 ; 0,6 ; 0,8 ; 0,3 ; 0,2 ; 0,6 ; 0,3 ; 0,5 ; 0,5 ; 90,4 ; 0,7 ; 0,1 ; -   ; 3,5 ; 0,1 ; 0,5 
E07000068;Brentwood; 293 ; 510 ; 2.015 ; 267 ; 828 ; 1.164 ; 368 ; 215 ; 809 ; 321 ; 633 ; 605 ; 63.696 ; 1.008 ; 95 ; 77 ; 3.318 ; 166 ; 660 ; 0,4 ; 0,7 ; 2,6 ; 0,3 ; 1,1 ; 1,5 ; 0,5 ; 0,3 ; 1,0 ; 0,4 ; 0,8 ; 0,8 ; 82,7 ; 1,3 ; 0,1 ; 0,1 ; 4,3 ; 0,2 ; 0,9 
E07000069;Castle Point; 189 ; 264 ; 541 ; 164 ; 392 ; 827 ; 190 ; 162 ; 419 ; 155 ; 512 ; 360 ; 82.997 ; 528 ; 31 ; 32 ; 1.393 ; 32 ; 394 ; 0,2 ; 0,3 ; 0,6 ; 0,2 ; 0,4 ; 0,9 ; 0,2 ; 0,2 ; 0,5 ; 0,2 ; 0,6 ; 0,4 ; 92,6 ; 0,6 ; -   ; -   ; 1,6 ; -   ; 0,4 
E07000070;Chelmsford; 841 ; 1.133 ; 4.728 ; 1.124 ; 1.820 ; 3.373 ; 796 ; 587 ; 1.438 ; 722 ; 1.354 ; 1.210 ; 150.758 ; 1.536 ; 255 ; 147 ; 8.005 ; 384 ; 1.312 ; 0,5 ; 0,6 ; 2,6 ; 0,6 ; 1,0 ; 1,9 ; 0,4 ; 0,3 ; 0,8 ; 0,4 ; 0,7 ; 0,7 ; 83,1 ; 0,8 ; 0,1 ; 0,1 ; 4,4 ; 0,2 ; 0,7 
E07000071;Colchester; 767 ; 1.834 ; 3.027 ; 743 ; 3.536 ; 4.904 ; 961 ; 796 ; 1.659 ; 982 ; 1.428 ; 1.533 ; 155.488 ; 1.192 ; 175 ; 244 ; 10.602 ; 731 ; 2.114 ; 0,4 ; 1,0 ; 1,6 ; 0,4 ; 1,8 ; 2,5 ; 0,5 ; 0,4 ; 0,9 ; 0,5 ; 0,7 ; 0,8 ; 80,7 ; 0,6 ; 0,1 ; 0,1 ; 5,5 ; 0,4 ; 1,1 
E07000072;Epping Forest; 703 ; 785 ; 4.712 ; 1.930 ; 1.548 ; 1.941 ; 1.438 ; 553 ; 1.306 ; 588 ; 1.481 ; 1.521 ; 101.994 ; 1.657 ; 142 ; 160 ; 9.516 ; 330 ; 2.675 ; 0,5 ; 0,6 ; 3,5 ; 1,4 ; 1,1 ; 1,4 ; 1,1 ; 0,4 ; 1,0 ; 0,4 ; 1,1 ; 1,1 ; 75,6 ; 1,2 ; 0,1 ; 0,1 ; 7,0 ; 0,2 ; 2,0 
E07000073;Harlow; 740 ; 817 ; 1.613 ; 1.197 ; 1.188 ; 4.156 ; 909 ; 762 ; 623 ; 587 ; 1.051 ; 787 ; 67.993 ; 743 ; 182 ; 193 ; 8.103 ; 301 ; 1.385 ; 0,8 ; 0,9 ; 1,7 ; 1,3 ; 1,3 ; 4,5 ; 1,0 ; 0,8 ; 0,7 ; 0,6 ; 1,1 ; 0,8 ; 72,9 ; 0,8 ; 0,2 ; 0,2 ; 8,7 ; 0,3 ; 1,5 
E07000074;Maldon; 143 ; 127 ; 224 ; 36 ; 211 ; 119 ; 76 ; 41 ; 328 ; 107 ; 230 ; 232 ; 62.268 ; 439 ; 176 ; 44 ; 1.202 ; 16 ; 192 ; 0,2 ; 0,2 ; 0,3 ; 0,1 ; 0,3 ; 0,2 ; 0,1 ; 0,1 ; 0,5 ; 0,2 ; 0,3 ; 0,4 ; 94,0 ; 0,7 ; 0,3 ; 0,1 ; 1,8 ; -   ; 0,3 
E07000075;Rochford; 77 ; 266 ; 439 ; 97 ; 306 ; 402 ; 140 ; 91 ; 493 ; 198 ; 431 ; 310 ; 80.339 ; 462 ; 104 ; 31 ; 1.180 ; 36 ; 260 ; 0,1 ; 0,3 ; 0,5 ; 0,1 ; 0,4 ; 0,5 ; 0,2 ; 0,1 ; 0,6 ; 0,2 ; 0,5 ; 0,4 ; 93,8 ; 0,5 ; 0,1 ; -   ; 1,4 ; -   ; 0,3 
E07000076;Tendring; 131 ; 505 ; 462 ; 88 ; 608 ; 454 ; 323 ; 133 ; 605 ; 361 ; 884 ; 543 ; 138.604 ; 1.142 ; 110 ; 36 ; 2.764 ; 75 ; 465 ; 0,1 ; 0,3 ; 0,3 ; 0,1 ; 0,4 ; 0,3 ; 0,2 ; 0,1 ; 0,4 ; 0,2 ; 0,6 ; 0,4 ; 93,5 ; 0,8 ; 0,1 ; -   ; 1,9 ; 0,1 ; 0,3 
E07000077;Uttlesford; 170 ; 273 ; 572 ; 128 ; 579 ; 377 ; 207 ; 125 ; 731 ; 262 ; 498 ; 525 ; 81.245 ; 844 ; 105 ; 83 ; 4.019 ; 79 ; 522 ; 0,2 ; 0,3 ; 0,6 ; 0,1 ; 0,6 ; 0,4 ; 0,2 ; 0,1 ; 0,8 ; 0,3 ; 0,5 ; 0,6 ; 88,9 ; 0,9 ; 0,1 ; 0,1 ; 4,4 ; 0,1 ; 0,6 
E07000078;Cheltenham; 480 ; 864 ; 2.005 ; 292 ; 1.281 ; 813 ; 217 ; 151 ; 1.139 ; 390 ; 641 ; 779 ; 98.932 ; 1.031 ; 80 ; 158 ; 8.358 ; 322 ; 903 ; 0,4 ; 0,7 ; 1,7 ; 0,2 ; 1,1 ; 0,7 ; 0,2 ; 0,1 ; 1,0 ; 0,3 ; 0,5 ; 0,7 ; 83,3 ; 0,9 ; 0,1 ; 0,1 ; 7,0 ; 0,3 ; 0,8 
E07000079;Cotswold; 56 ; 235 ; 387 ; 52 ; 465 ; 261 ; 78 ; 63 ; 493 ; 171 ; 288 ; 441 ; 83.545 ; 635 ; 71 ; 57 ; 3.202 ; 33 ; 297 ; 0,1 ; 0,3 ; 0,4 ; 0,1 ; 0,5 ; 0,3 ; 0,1 ; 0,1 ; 0,5 ; 0,2 ; 0,3 ; 0,5 ; 92,0 ; 0,7 ; 0,1 ; 0,1 ; 3,5 ; -   ; 0,3 
E07000080;Forest of Dean; 16 ; 151 ; 139 ; 35 ; 284 ; 117 ; 82 ; 43 ; 303 ; 135 ; 257 ; 230 ; 82.401 ; 314 ; 103 ; 63 ; 1.988 ; 27 ; 316 ; -   ; 0,2 ; 0,2 ; -   ; 0,3 ; 0,1 ; 0,1 ; -   ; 0,3 ; 0,2 ; 0,3 ; 0,3 ; 94,7 ; 0,4 ; 0,1 ; 0,1 ; 2,3 ; -   ; 0,4 
E07000081;Gloucester; 802 ; 497 ; 4.481 ; 1.160 ; 1.603 ; 2.149 ; 1.912 ; 765 ; 869 ; 569 ; 2.694 ; 882 ; 103.317 ; 800 ; 224 ; 296 ; 7.824 ; 332 ; 1.238 ; 0,6 ; 0,4 ; 3,4 ; 0,9 ; 1,2 ; 1,6 ; 1,4 ; 0,6 ; 0,7 ; 0,4 ; 2,0 ; 0,7 ; 78,0 ; 0,6 ; 0,2 ; 0,2 ; 5,9 ; 0,3 ; 0,9 
E07000082;Stroud; 99 ; 236 ; 440 ; 65 ; 416 ; 257 ; 186 ; 85 ; 786 ; 259 ; 579 ; 547 ; 111.896 ; 711 ; 126 ; 59 ; 3.909 ; 77 ; 371 ; 0,1 ; 0,2 ; 0,4 ; 0,1 ; 0,3 ; 0,2 ; 0,2 ; 0,1 ; 0,6 ; 0,2 ; 0,5 ; 0,5 ; 92,4 ; 0,6 ; 0,1 ; -   ; 3,2 ; 0,1 ; 0,3 
E07000083;Tewkesbury; 111 ; 229 ; 798 ; 112 ; 674 ; 341 ; 151 ; 103 ; 531 ; 192 ; 591 ; 385 ; 85.720 ; 537 ; 360 ; 81 ; 3.508 ; 73 ; 385 ; 0,1 ; 0,2 ; 0,8 ; 0,1 ; 0,7 ; 0,4 ; 0,2 ; 0,1 ; 0,6 ; 0,2 ; 0,6 ; 0,4 ; 90,3 ; 0,6 ; 0,4 ; 0,1 ; 3,7 ; 0,1 ; 0,4 
E07000084;Basingstoke and Deane; 480 ; 1.057 ; 4.745 ; 709 ; 3.976 ; 2.514 ; 680 ; 417 ; 1.454 ; 711 ; 1.461 ; 1.091 ; 151.572 ; 1.330 ; 223 ; 237 ; 10.478 ; 344 ; 1.675 ; 0,3 ; 0,6 ; 2,6 ; 0,4 ; 2,1 ; 1,4 ; 0,4 ; 0,2 ; 0,8 ; 0,4 ; 0,8 ; 0,6 ; 81,9 ; 0,7 ; 0,1 ; 0,1 ; 5,7 ; 0,2 ; 0,9 
E07000085;East Hampshire; 199 ; 365 ; 612 ; 223 ; 971 ; 446 ; 134 ; 78 ; 868 ; 258 ; 363 ; 590 ; 113.814 ; 749 ; 278 ; 83 ; 5.069 ; 96 ; 546 ; 0,2 ; 0,3 ; 0,5 ; 0,2 ; 0,8 ; 0,4 ; 0,1 ; 0,1 ; 0,7 ; 0,2 ; 0,3 ; 0,5 ; 90,5 ; 0,6 ; 0,2 ; 0,1 ; 4,0 ; 0,1 ; 0,4 
E07000086;Eastleigh; 372 ; 865 ; 2.634 ; 367 ; 1.018 ; 949 ; 179 ; 172 ; 1.076 ; 469 ; 575 ; 697 ; 120.242 ; 633 ; 198 ; 97 ; 4.913 ; 199 ; 789 ; 0,3 ; 0,6 ; 1,9 ; 0,3 ; 0,7 ; 0,7 ; 0,1 ; 0,1 ; 0,8 ; 0,3 ; 0,4 ; 0,5 ; 88,1 ; 0,5 ; 0,1 ; 0,1 ; 3,6 ; 0,1 ; 0,6 
E07000087;Fareham; 143 ; 562 ; 834 ; 121 ; 454 ; 403 ; 181 ; 86 ; 704 ; 231 ; 343 ; 449 ; 106.212 ; 484 ; 109 ; 58 ; 2.636 ; 107 ; 395 ; 0,1 ; 0,5 ; 0,7 ; 0,1 ; 0,4 ; 0,4 ; 0,2 ; 0,1 ; 0,6 ; 0,2 ; 0,3 ; 0,4 ; 92,8 ; 0,4 ; 0,1 ; 0,1 ; 2,3 ; 0,1 ; 0,3 
E07000088;Gosport; 92 ; 312 ; 337 ; 23 ; 405 ; 439 ; 405 ; 140 ; 342 ; 190 ; 319 ; 359 ; 75.763 ; 310 ; 42 ; 29 ; 1.992 ; 49 ; 401 ; 0,1 ; 0,4 ; 0,4 ; -   ; 0,5 ; 0,5 ; 0,5 ; 0,2 ; 0,4 ; 0,2 ; 0,4 ; 0,4 ; 92,5 ; 0,4 ; 0,1 ; -   ; 2,4 ; 0,1 ; 0,5 
E07000089;Hart; 161 ; 519 ; 1.318 ; 217 ; 1.380 ; 514 ; 225 ; 104 ; 919 ; 299 ; 408 ; 605 ; 86.414 ; 769 ; 246 ; 78 ; 4.445 ; 120 ; 663 ; 0,2 ; 0,5 ; 1,3 ; 0,2 ; 1,4 ; 0,5 ; 0,2 ; 0,1 ; 0,9 ; 0,3 ; 0,4 ; 0,6 ; 86,9 ; 0,8 ; 0,2 ; 0,1 ; 4,5 ; 0,1 ; 0,7 
E07000090;Havant; 178 ; 424 ; 905 ; 73 ; 527 ; 463 ; 155 ; 132 ; 557 ; 372 ; 352 ; 438 ; 115.732 ; 485 ; 69 ; 49 ; 2.792 ; 108 ; 399 ; 0,1 ; 0,3 ; 0,7 ; 0,1 ; 0,4 ; 0,4 ; 0,1 ; 0,1 ; 0,4 ; 0,3 ; 0,3 ; 0,4 ; 93,2 ; 0,4 ; 0,1 ; -   ; 2,2 ; 0,1 ; 0,3 
E07000091;New Forest; 176 ; 435 ; 577 ; 72 ; 843 ; 399 ; 162 ; 142 ; 801 ; 327 ; 478 ; 609 ; 163.847 ; 833 ; 480 ; 115 ; 4.843 ; 87 ; 556 ; 0,1 ; 0,2 ; 0,3 ; -   ; 0,5 ; 0,2 ; 0,1 ; 0,1 ; 0,5 ; 0,2 ; 0,3 ; 0,3 ; 93,2 ; 0,5 ; 0,3 ; 0,1 ; 2,8 ; -   ; 0,3 
E07000092;Rushmoor; 297 ; 507 ; 2.105 ; 1.223 ; 10.526 ; 1.448 ; 652 ; 431 ; 829 ; 412 ; 707 ; 630 ; 70.917 ; 658 ; 190 ; 108 ; 5.346 ; 180 ; 2.593 ; 0,3 ; 0,5 ; 2,1 ; 1,2 ; 10,6 ; 1,5 ; 0,7 ; 0,4 ; 0,8 ; 0,4 ; 0,7 ; 0,6 ; 71,1 ; 0,7 ; 0,2 ; 0,1 ; 5,4 ; 0,2 ; 2,6 
E07000093;Test Valley; 248 ; 676 ; 1.666 ; 337 ; 1.357 ; 974 ; 241 ; 243 ; 835 ; 378 ; 454 ; 645 ; 114.873 ; 607 ; 170 ; 89 ; 5.718 ; 188 ; 792 ; 0,2 ; 0,5 ; 1,3 ; 0,3 ; 1,0 ; 0,7 ; 0,2 ; 0,2 ; 0,6 ; 0,3 ; 0,3 ; 0,5 ; 88,0 ; 0,5 ; 0,1 ; 0,1 ; 4,4 ; 0,1 ; 0,6 
E07000094;Winchester; 271 ; 793 ; 1.102 ; 206 ; 1.545 ; 499 ; 199 ; 94 ; 1.111 ; 316 ; 409 ; 754 ; 112.304 ; 902 ; 374 ; 87 ; 5.638 ; 186 ; 654 ; 0,2 ; 0,6 ; 0,9 ; 0,2 ; 1,2 ; 0,4 ; 0,2 ; 0,1 ; 0,9 ; 0,2 ; 0,3 ; 0,6 ; 88,1 ; 0,7 ; 0,3 ; 0,1 ; 4,4 ; 0,1 ; 0,5 
E07000095;Broxbourne; 316 ; 420 ; 1.391 ; 322 ; 1.208 ; 3.802 ; 1.966 ; 820 ; 749 ; 451 ; 1.309 ; 1.421 ; 67.891 ; 1.310 ; 155 ; 183 ; 10.762 ; 204 ; 4.327 ; 0,3 ; 0,4 ; 1,4 ; 0,3 ; 1,2 ; 3,8 ; 2,0 ; 0,8 ; 0,8 ; 0,5 ; 1,3 ; 1,4 ; 68,6 ; 1,3 ; 0,2 ; 0,2 ; 10,9 ; 0,2 ; 4,4 
E07000096;Dacorum; 461 ; 757 ; 3.397 ; 2.588 ; 1.745 ; 2.822 ; 1.023 ; 566 ; 1.687 ; 697 ; 1.536 ; 1.346 ; 122.107 ; 2.102 ; 194 ; 202 ; 9.997 ; 396 ; 1.458 ; 0,3 ; 0,5 ; 2,2 ; 1,7 ; 1,1 ; 1,8 ; 0,7 ; 0,4 ; 1,1 ; 0,4 ; 1,0 ; 0,9 ; 78,7 ; 1,4 ; 0,1 ; 0,1 ; 6,4 ; 0,3 ; 0,9 
E07000098;Hertsmere; 381 ; 1.059 ; 6.660 ; 787 ; 2.433 ; 3.713 ; 890 ; 578 ; 1.240 ; 508 ; 948 ; 1.342 ; 68.032 ; 2.155 ; 167 ; 282 ; 12.509 ; 363 ; 3.780 ; 0,4 ; 1,0 ; 6,2 ; 0,7 ; 2,3 ; 3,4 ; 0,8 ; 0,5 ; 1,1 ; 0,5 ; 0,9 ; 1,2 ; 63,1 ; 2,0 ; 0,2 ; 0,3 ; 11,6 ; 0,3 ; 3,5 
E07000099;North Hertfordshire; 581 ; 709 ; 3.811 ; 536 ; 1.319 ; 1.458 ; 1.331 ; 446 ; 1.455 ; 509 ; 1.820 ; 1.129 ; 108.298 ; 1.684 ; 39 ; 81 ; 6.518 ; 291 ; 1.195 ; 0,4 ; 0,5 ; 2,9 ; 0,4 ; 1,0 ; 1,1 ; 1,0 ; 0,3 ; 1,1 ; 0,4 ; 1,4 ; 0,8 ; 81,3 ; 1,3 ; -   ; 0,1 ; 4,9 ; 0,2 ; 0,9 
E07000102;Three Rivers; 227 ; 712 ; 10.166 ; 1.176 ; 1.984 ; 1.235 ; 746 ; 252 ; 1.346 ; 343 ; 768 ; 933 ; 63.706 ; 1.977 ; 86 ; 90 ; 6.457 ; 296 ; 1.272 ; 0,2 ; 0,8 ; 10,8 ; 1,3 ; 2,1 ; 1,3 ; 0,8 ; 0,3 ; 1,4 ; 0,4 ; 0,8 ; 1,0 ; 67,9 ; 2,1 ; 0,1 ; 0,1 ; 6,9 ; 0,3 ; 1,4 
E07000103;Watford; 493 ; 1.024 ; 9.954 ; 8.197 ; 5.369 ; 3.954 ; 1.733 ; 801 ; 1.408 ; 692 ; 1.300 ; 1.444 ; 46.820 ; 2.149 ; 80 ; 343 ; 12.836 ; 763 ; 2.885 ; 0,5 ; 1,0 ; 9,7 ; 8,0 ; 5,3 ; 3,9 ; 1,7 ; 0,8 ; 1,4 ; 0,7 ; 1,3 ; 1,4 ; 45,8 ; 2,1 ; 0,1 ; 0,3 ; 12,6 ; 0,7 ; 2,8 
E07000105;Ashford; 336 ; 578 ; 1.720 ; 404 ; 4.630 ; 2.504 ; 572 ; 348 ; 898 ; 438 ; 775 ; 766 ; 109.673 ; 776 ; 686 ; 79 ; 5.682 ; 298 ; 1.584 ; 0,3 ; 0,4 ; 1,3 ; 0,3 ; 3,5 ; 1,9 ; 0,4 ; 0,3 ; 0,7 ; 0,3 ; 0,6 ; 0,6 ; 82,6 ; 0,6 ; 0,5 ; 0,1 ; 4,3 ; 0,2 ; 1,2 
E07000106;Canterbury; 431 ; 1.357 ; 1.994 ; 541 ; 2.054 ; 2.928 ; 647 ; 331 ; 1.408 ; 661 ; 983 ; 1.264 ; 129.887 ; 1.311 ; 391 ; 190 ; 8.694 ; 675 ; 1.682 ; 0,3 ; 0,9 ; 1,3 ; 0,3 ; 1,3 ; 1,9 ; 0,4 ; 0,2 ; 0,9 ; 0,4 ; 0,6 ; 0,8 ; 82,5 ; 0,8 ; 0,2 ; 0,1 ; 5,5 ; 0,4 ; 1,1 
E07000107;Dartford; 1.052 ; 1.165 ; 5.123 ; 760 ; 3.413 ; 9.812 ; 1.141 ; 1.329 ; 980 ; 723 ; 1.004 ; 931 ; 78.557 ; 812 ; 309 ; 158 ; 7.100 ; 254 ; 2.131 ; 0,9 ; 1,0 ; 4,4 ; 0,7 ; 2,9 ; 8,4 ; 1,0 ; 1,1 ; 0,8 ; 0,6 ; 0,9 ; 0,8 ; 67,3 ; 0,7 ; 0,3 ; 0,1 ; 6,1 ; 0,2 ; 1,8 
E07000108;Dover; 162 ; 303 ; 550 ; 41 ; 1.346 ; 546 ; 176 ; 115 ; 546 ; 297 ; 411 ; 500 ; 105.111 ; 648 ; 247 ; 243 ; 4.170 ; 136 ; 863 ; 0,1 ; 0,3 ; 0,5 ; -   ; 1,2 ; 0,5 ; 0,2 ; 0,1 ; 0,5 ; 0,3 ; 0,4 ; 0,4 ; 90,3 ; 0,6 ; 0,2 ; 0,2 ; 3,6 ; 0,1 ; 0,7 
E07000109;Gravesham; 690 ; 352 ; 8.136 ; 843 ; 1.978 ; 5.235 ; 847 ; 870 ; 791 ; 535 ; 787 ; 715 ; 73.030 ; 699 ; 320 ; 351 ; 7.493 ; 127 ; 3.103 ; 0,6 ; 0,3 ; 7,6 ; 0,8 ; 1,9 ; 4,9 ; 0,8 ; 0,8 ; 0,7 ; 0,5 ; 0,7 ; 0,7 ; 68,3 ; 0,7 ; 0,3 ; 0,3 ; 7,0 ; 0,1 ; 2,9 
E07000110;Maidstone; 649 ; 655 ; 2.145 ; 568 ; 4.196 ; 2.567 ; 643 ; 396 ; 1.316 ; 611 ; 978 ; 1.108 ; 144.114 ; 994 ; 1.009 ; 273 ; 11.474 ; 249 ; 1.836 ; 0,4 ; 0,4 ; 1,2 ; 0,3 ; 2,4 ; 1,5 ; 0,4 ; 0,2 ; 0,7 ; 0,3 ; 0,6 ; 0,6 ; 82,0 ; 0,6 ; 0,6 ; 0,2 ; 6,5 ; 0,1 ; 1,0 
E07000111;Sevenoaks; 236 ; 765 ; 1.326 ; 252 ; 905 ; 1.332 ; 370 ; 230 ; 1.347 ; 337 ; 655 ; 842 ; 103.116 ; 1.085 ; 460 ; 72 ; 6.272 ; 158 ; 755 ; 0,2 ; 0,6 ; 1,1 ; 0,2 ; 0,8 ; 1,1 ; 0,3 ; 0,2 ; 1,1 ; 0,3 ; 0,5 ; 0,7 ; 85,6 ; 0,9 ; 0,4 ; 0,1 ; 5,2 ; 0,1 ; 0,6 
E07000112;Folkestone and Hythe; 196 ; 358 ; 490 ; 214 ; 3.013 ; 385 ; 203 ; 94 ; 676 ; 303 ; 554 ; 575 ; 96.590 ; 765 ; 146 ; 137 ; 3.976 ; 119 ; 965 ; 0,2 ; 0,3 ; 0,4 ; 0,2 ; 2,7 ; 0,4 ; 0,2 ; 0,1 ; 0,6 ; 0,3 ; 0,5 ; 0,5 ; 88,0 ; 0,7 ; 0,1 ; 0,1 ; 3,6 ; 0,1 ; 0,9 
E07000113;Swale; 406 ; 328 ; 776 ; 146 ; 656 ; 2.541 ; 452 ; 494 ; 757 ; 415 ; 814 ; 755 ; 134.385 ; 855 ; 925 ; 177 ; 5.999 ; 127 ; 669 ; 0,3 ; 0,2 ; 0,5 ; 0,1 ; 0,4 ; 1,7 ; 0,3 ; 0,3 ; 0,5 ; 0,3 ; 0,5 ; 0,5 ; 88,6 ; 0,6 ; 0,6 ; 0,1 ; 4,0 ; 0,1 ; 0,4 
E07000114;Thanet; 254 ; 448 ; 941 ; 272 ; 1.344 ; 859 ; 453 ; 169 ; 894 ; 591 ; 1.042 ; 893 ; 122.796 ; 1.145 ; 185 ; 380 ; 6.213 ; 247 ; 1.461 ; 0,2 ; 0,3 ; 0,7 ; 0,2 ; 1,0 ; 0,6 ; 0,3 ; 0,1 ; 0,6 ; 0,4 ; 0,7 ; 0,6 ; 87,3 ; 0,8 ; 0,1 ; 0,3 ; 4,4 ; 0,2 ; 1,0 
E07000115;Tonbridge and Malling; 376 ; 665 ; 1.547 ; 289 ; 999 ; 873 ; 278 ; 163 ; 1.041 ; 416 ; 670 ; 816 ; 116.787 ; 849 ; 462 ; 75 ; 5.114 ; 169 ; 612 ; 0,3 ; 0,5 ; 1,2 ; 0,2 ; 0,8 ; 0,7 ; 0,2 ; 0,1 ; 0,8 ; 0,3 ; 0,5 ; 0,6 ; 88,3 ; 0,6 ; 0,3 ; 0,1 ; 3,9 ; 0,1 ; 0,5 
E07000116;Tunbridge Wells; 548 ; 681 ; 1.692 ; 367 ; 1.278 ; 828 ; 174 ; 129 ; 1.285 ; 368 ; 478 ; 818 ; 97.049 ; 913 ; 333 ; 119 ; 7.148 ; 247 ; 859 ; 0,5 ; 0,6 ; 1,5 ; 0,3 ; 1,1 ; 0,7 ; 0,2 ; 0,1 ; 1,1 ; 0,3 ; 0,4 ; 0,7 ; 84,2 ; 0,8 ; 0,3 ; 0,1 ; 6,2 ; 0,2 ; 0,7 
E07000117;Burnley; 2.737 ; 164 ; 378 ; 10.102 ; 549 ; 180 ; 95 ; 51 ; 826 ; 165 ; 191 ; 323 ; 73.752 ; 457 ; 83 ; 106 ; 3.714 ; 157 ; 621 ; 2,9 ; 0,2 ; 0,4 ; 10,7 ; 0,6 ; 0,2 ; 0,1 ; 0,1 ; 0,9 ; 0,2 ; 0,2 ; 0,3 ; 77,9 ; 0,5 ; 0,1 ; 0,1 ; 3,9 ; 0,2 ; 0,7 
E07000118;Chorley; 119 ; 307 ; 747 ; 767 ; 264 ; 308 ; 247 ; 98 ; 520 ; 236 ; 649 ; 368 ; 109.449 ; 630 ; 57 ; 58 ; 2.394 ; 236 ; 279 ; 0,1 ; 0,3 ; 0,6 ; 0,7 ; 0,2 ; 0,3 ; 0,2 ; 0,1 ; 0,4 ; 0,2 ; 0,6 ; 0,3 ; 93,0 ; 0,5 ; -   ; -   ; 2,0 ; 0,2 ; 0,2 
E07000119;Fylde; 75 ; 242 ; 383 ; 174 ; 299 ; 189 ; 66 ; 76 ; 396 ; 173 ; 299 ; 290 ; 75.793 ; 548 ; 49 ; 55 ; 1.887 ; 97 ; 284 ; 0,1 ; 0,3 ; 0,5 ; 0,2 ; 0,4 ; 0,2 ; 0,1 ; 0,1 ; 0,5 ; 0,2 ; 0,4 ; 0,4 ; 93,1 ; 0,7 ; 0,1 ; 0,1 ; 2,3 ; 0,1 ; 0,3 
E07000120;Hyndburn; 455 ; 137 ; 363 ; 10.825 ; 621 ; 160 ; 40 ; 24 ; 573 ; 119 ; 188 ; 211 ; 65.471 ; 365 ; 86 ; 44 ; 2.018 ; 167 ; 370 ; 0,6 ; 0,2 ; 0,4 ; 13,2 ; 0,8 ; 0,2 ; -   ; -   ; 0,7 ; 0,1 ; 0,2 ; 0,3 ; 79,6 ; 0,4 ; 0,1 ; 0,1 ; 2,5 ; 0,2 ; 0,4 
E07000121;Lancaster; 355 ; 1.597 ; 1.629 ; 613 ; 961 ; 1.019 ; 125 ; 71 ; 823 ; 341 ; 424 ; 616 ; 125.552 ; 802 ; 309 ; 90 ; 6.310 ; 477 ; 825 ; 0,2 ; 1,1 ; 1,1 ; 0,4 ; 0,7 ; 0,7 ; 0,1 ; -   ; 0,6 ; 0,2 ; 0,3 ; 0,4 ; 87,8 ; 0,6 ; 0,2 ; 0,1 ; 4,4 ; 0,3 ; 0,6 
E07000122;Pendle; 302 ; 161 ; 242 ; 24.502 ; 366 ; 174 ; 51 ; 19 ; 885 ; 95 ; 231 ; 277 ; 63.320 ; 342 ; 97 ; 126 ; 3.692 ; 235 ; 641 ; 0,3 ; 0,2 ; 0,3 ; 25,6 ; 0,4 ; 0,2 ; 0,1 ; -   ; 0,9 ; 0,1 ; 0,2 ; 0,3 ; 66,1 ; 0,4 ; 0,1 ; 0,1 ; 3,9 ; 0,2 ; 0,7 
E07000123;Preston; 758 ; 707 ; 19.047 ; 7.554 ; 1.749 ; 2.355 ; 827 ; 307 ; 1.321 ; 506 ; 1.759 ; 781 ; 97.715 ; 923 ; 114 ; 248 ; 8.321 ; 1.157 ; 1.685 ; 0,5 ; 0,5 ; 12,9 ; 5,1 ; 1,2 ; 1,6 ; 0,6 ; 0,2 ; 0,9 ; 0,3 ; 1,2 ; 0,5 ; 66,1 ; 0,6 ; 0,1 ; 0,2 ; 5,6 ; 0,8 ; 1,1 
E07000124;Ribble Valley; 24 ; 139 ; 385 ; 581 ; 136 ; 76 ; 35 ; 14 ; 323 ; 123 ; 125 ; 165 ; 57.916 ; 340 ; 7 ; 15 ; 978 ; 51 ; 132 ; -   ; 0,2 ; 0,6 ; 0,9 ; 0,2 ; 0,1 ; 0,1 ; -   ; 0,5 ; 0,2 ; 0,2 ; 0,3 ; 94,1 ; 0,6 ; -   ; -   ; 1,6 ; 0,1 ; 0,2 
E07000125;Rossendale; 1.587 ; 209 ; 226 ; 1.632 ; 222 ; 89 ; 58 ; 25 ; 425 ; 153 ; 265 ; 200 ; 64.073 ; 509 ; 28 ; 14 ; 886 ; 77 ; 190 ; 2,2 ; 0,3 ; 0,3 ; 2,3 ; 0,3 ; 0,1 ; 0,1 ; -   ; 0,6 ; 0,2 ; 0,4 ; 0,3 ; 90,4 ; 0,7 ; -   ; -   ; 1,3 ; 0,1 ; 0,3 
E07000126;South Ribble; 59 ; 327 ; 1.165 ; 422 ; 334 ; 266 ; 209 ; 64 ; 632 ; 237 ; 750 ; 289 ; 103.089 ; 617 ; 25 ; 56 ; 2.132 ; 96 ; 266 ; 0,1 ; 0,3 ; 1,0 ; 0,4 ; 0,3 ; 0,2 ; 0,2 ; 0,1 ; 0,6 ; 0,2 ; 0,7 ; 0,3 ; 92,8 ; 0,6 ; -   ; 0,1 ; 1,9 ; 0,1 ; 0,2 
E07000127;West Lancashire; 36 ; 264 ; 447 ; 119 ; 366 ; 245 ; 100 ; 43 ; 509 ; 312 ; 342 ; 384 ; 108.998 ; 657 ; 29 ; 71 ; 4.040 ; 148 ; 319 ; -   ; 0,2 ; 0,4 ; 0,1 ; 0,3 ; 0,2 ; 0,1 ; -   ; 0,4 ; 0,3 ; 0,3 ; 0,3 ; 92,8 ; 0,6 ; -   ; 0,1 ; 3,4 ; 0,1 ; 0,3 
E07000128;Wyre; 45 ; 330 ; 221 ; 103 ; 410 ; 167 ; 69 ; 37 ; 367 ; 202 ; 302 ; 264 ; 107.171 ; 487 ; 71 ; 31 ; 1.379 ; 105 ; 185 ; -   ; 0,3 ; 0,2 ; 0,1 ; 0,4 ; 0,1 ; 0,1 ; -   ; 0,3 ; 0,2 ; 0,3 ; 0,2 ; 95,7 ; 0,4 ; 0,1 ; -   ; 1,2 ; 0,1 ; 0,2 
E07000129;Blaby; 59 ; 518 ; 6.870 ; 418 ; 632 ; 980 ; 440 ; 174 ; 857 ; 267 ; 1.051 ; 590 ; 84.746 ; 561 ; 90 ; 55 ; 3.301 ; 177 ; 1.138 ; 0,1 ; 0,5 ; 6,7 ; 0,4 ; 0,6 ; 1,0 ; 0,4 ; 0,2 ; 0,8 ; 0,3 ; 1,0 ; 0,6 ; 82,3 ; 0,5 ; 0,1 ; 0,1 ; 3,2 ; 0,2 ; 1,1 
E07000130;Charnwood; 2.677 ; 1.760 ; 15.735 ; 654 ; 2.027 ; 2.081 ; 518 ; 241 ; 1.721 ; 529 ; 1.355 ; 1.055 ; 143.345 ; 1.038 ; 70 ; 165 ; 6.841 ; 609 ; 1.549 ; 1,5 ; 1,0 ; 8,6 ; 0,4 ; 1,1 ; 1,1 ; 0,3 ; 0,1 ; 0,9 ; 0,3 ; 0,7 ; 0,6 ; 77,9 ; 0,6 ; -   ; 0,1 ; 3,7 ; 0,3 ; 0,8 
E07000131;Harborough; 68 ; 233 ; 4.250 ; 279 ; 468 ; 411 ; 201 ; 87 ; 762 ; 182 ; 602 ; 457 ; 85.474 ; 554 ; 193 ; 22 ; 2.608 ; 81 ; 691 ; 0,1 ; 0,2 ; 4,4 ; 0,3 ; 0,5 ; 0,4 ; 0,2 ; 0,1 ; 0,8 ; 0,2 ; 0,6 ; 0,5 ; 87,6 ; 0,6 ; 0,2 ; -   ; 2,7 ; 0,1 ; 0,7 
E07000132;Hinckley and Bosworth; 85 ; 386 ; 2.018 ; 221 ; 437 ; 423 ; 187 ; 82 ; 681 ; 215 ; 638 ; 456 ; 103.225 ; 554 ; 80 ; 48 ; 3.273 ; 93 ; 539 ; 0,1 ; 0,3 ; 1,8 ; 0,2 ; 0,4 ; 0,4 ; 0,2 ; 0,1 ; 0,6 ; 0,2 ; 0,6 ; 0,4 ; 90,8 ; 0,5 ; 0,1 ; -   ; 2,9 ; 0,1 ; 0,5 
E07000133;Melton; 22 ; 115 ; 306 ; 13 ; 143 ; 103 ; 67 ; 22 ; 239 ; 76 ; 206 ; 138 ; 48.064 ; 269 ; 25 ; 17 ; 1.767 ; 35 ; 125 ; -   ; 0,2 ; 0,6 ; -   ; 0,3 ; 0,2 ; 0,1 ; -   ; 0,5 ; 0,1 ; 0,4 ; 0,3 ; 92,9 ; 0,5 ; -   ; -   ; 3,4 ; 0,1 ; 0,2 
E07000134;North West Leicestershire; 14 ; 234 ; 784 ; 68 ; 443 ; 423 ; 144 ; 75 ; 576 ; 174 ; 530 ; 312 ; 96.430 ; 454 ; 129 ; 63 ; 3.373 ; 65 ; 416 ; -   ; 0,2 ; 0,7 ; 0,1 ; 0,4 ; 0,4 ; 0,1 ; 0,1 ; 0,6 ; 0,2 ; 0,5 ; 0,3 ; 92,1 ; 0,4 ; 0,1 ; 0,1 ; 3,2 ; 0,1 ; 0,4 
E07000135;Oadby and Wigston; 315 ; 325 ; 12.189 ; 2.282 ; 1.020 ; 725 ; 394 ; 135 ; 730 ; 194 ; 541 ; 408 ; 34.512 ; 360 ; 10 ; 18 ; 1.692 ; 382 ; 1.515 ; 0,5 ; 0,6 ; 21,1 ; 4,0 ; 1,8 ; 1,3 ; 0,7 ; 0,2 ; 1,3 ; 0,3 ; 0,9 ; 0,7 ; 59,8 ; 0,6 ; -   ; -   ; 2,9 ; 0,7 ; 2,6 
E07000136;Boston; 67 ; 111 ; 606 ; 317 ; 342 ; 357 ; 57 ; 53 ; 261 ; 176 ; 283 ; 295 ; 52.540 ; 161 ; 142 ; 193 ; 13.697 ; 119 ; 728 ; 0,1 ; 0,2 ; 0,9 ; 0,4 ; 0,5 ; 0,5 ; 0,1 ; 0,1 ; 0,4 ; 0,2 ; 0,4 ; 0,4 ; 74,5 ; 0,2 ; 0,2 ; 0,3 ; 19,4 ; 0,2 ; 1,0 
E07000137;East Lindsey; 109 ; 271 ; 282 ; 112 ; 360 ; 148 ; 108 ; 36 ; 455 ; 160 ; 552 ; 317 ; 136.036 ; 476 ; 123 ; 51 ; 2.414 ; 54 ; 231 ; 0,1 ; 0,2 ; 0,2 ; 0,1 ; 0,3 ; 0,1 ; 0,1 ; -   ; 0,3 ; 0,1 ; 0,4 ; 0,2 ; 95,6 ; 0,3 ; 0,1 ; -   ; 1,7 ; -   ; 0,2 
E07000138;Lincoln; 322 ; 788 ; 788 ; 302 ; 1.147 ; 1.094 ; 236 ; 136 ; 657 ; 373 ; 470 ; 568 ; 85.891 ; 652 ; 145 ; 159 ; 8.818 ; 320 ; 948 ; 0,3 ; 0,8 ; 0,8 ; 0,3 ; 1,1 ; 1,1 ; 0,2 ; 0,1 ; 0,6 ; 0,4 ; 0,5 ; 0,5 ; 82,7 ; 0,6 ; 0,1 ; 0,2 ; 8,5 ; 0,3 ; 0,9 
E07000139;North Kesteven; 85 ; 286 ; 370 ; 92 ; 327 ; 239 ; 104 ; 73 ; 450 ; 218 ; 373 ; 327 ; 111.304 ; 510 ; 57 ; 28 ; 2.830 ; 92 ; 307 ; 0,1 ; 0,2 ; 0,3 ; 0,1 ; 0,3 ; 0,2 ; 0,1 ; 0,1 ; 0,4 ; 0,2 ; 0,3 ; 0,3 ; 94,3 ; 0,4 ; -   ; -   ; 2,4 ; 0,1 ; 0,3 
E07000140;South Holland; 66 ; 205 ; 467 ; 66 ; 372 ; 324 ; 118 ; 75 ; 343 ; 219 ; 327 ; 336 ; 80.244 ; 274 ; 168 ; 173 ; 10.764 ; 50 ; 531 ; 0,1 ; 0,2 ; 0,5 ; 0,1 ; 0,4 ; 0,3 ; 0,1 ; 0,1 ; 0,4 ; 0,2 ; 0,3 ; 0,4 ; 84,4 ; 0,3 ; 0,2 ; 0,2 ; 11,3 ; 0,1 ; 0,6 
E07000141;South Kesteven; 67 ; 504 ; 865 ; 236 ; 857 ; 552 ; 222 ; 101 ; 590 ; 318 ; 531 ; 512 ; 129.741 ; 681 ; 107 ; 70 ; 6.822 ; 97 ; 532 ; -   ; 0,4 ; 0,6 ; 0,2 ; 0,6 ; 0,4 ; 0,2 ; 0,1 ; 0,4 ; 0,2 ; 0,4 ; 0,4 ; 90,5 ; 0,5 ; 0,1 ; -   ; 4,8 ; 0,1 ; 0,4 
E07000142;West Lindsey; 17 ; 186 ; 547 ; 118 ; 268 ; 183 ; 106 ; 44 ; 358 ; 169 ; 321 ; 233 ; 89.964 ; 372 ; 216 ; 18 ; 1.691 ; 88 ; 254 ; -   ; 0,2 ; 0,6 ; 0,1 ; 0,3 ; 0,2 ; 0,1 ; -   ; 0,4 ; 0,2 ; 0,3 ; 0,2 ; 94,5 ; 0,4 ; 0,2 ; -   ; 1,8 ; 0,1 ; 0,3 
E07000143;Breckland; 120 ; 254 ; 342 ; 105 ; 519 ; 387 ; 233 ; 200 ; 482 ; 456 ; 515 ; 598 ; 125.516 ; 654 ; 204 ; 145 ; 9.938 ; 32 ; 777 ; 0,1 ; 0,2 ; 0,2 ; 0,1 ; 0,4 ; 0,3 ; 0,2 ; 0,1 ; 0,3 ; 0,3 ; 0,4 ; 0,4 ; 88,7 ; 0,5 ; 0,1 ; 0,1 ; 7,0 ; -   ; 0,5 
E07000144;Broadland; 179 ; 436 ; 554 ; 69 ; 593 ; 474 ; 95 ; 115 ; 665 ; 395 ; 304 ; 478 ; 123.265 ; 513 ; 60 ; 41 ; 2.990 ; 97 ; 400 ; 0,1 ; 0,3 ; 0,4 ; 0,1 ; 0,5 ; 0,4 ; 0,1 ; 0,1 ; 0,5 ; 0,3 ; 0,2 ; 0,4 ; 93,6 ; 0,4 ; -   ; -   ; 2,3 ; 0,1 ; 0,3 
E07000145;Great Yarmouth; 64 ; 246 ; 786 ; 121 ; 719 ; 857 ; 105 ; 142 ; 374 ; 424 ; 354 ; 423 ; 88.663 ; 352 ; 135 ; 114 ; 5.097 ; 75 ; 699 ; 0,1 ; 0,2 ; 0,8 ; 0,1 ; 0,7 ; 0,9 ; 0,1 ; 0,1 ; 0,4 ; 0,4 ; 0,4 ; 0,4 ; 88,9 ; 0,4 ; 0,1 ; 0,1 ; 5,1 ; 0,1 ; 0,7 
E07000146;King's Lynn and West Norfolk; 103 ; 400 ; 1.238 ; 166 ; 979 ; 518 ; 143 ; 182 ; 526 ; 429 ; 450 ; 617 ; 136.966 ; 655 ; 417 ; 139 ; 9.386 ; 152 ; 860 ; 0,1 ; 0,3 ; 0,8 ; 0,1 ; 0,6 ; 0,3 ; 0,1 ; 0,1 ; 0,3 ; 0,3 ; 0,3 ; 0,4 ; 88,8 ; 0,4 ; 0,3 ; 0,1 ; 6,1 ; 0,1 ; 0,6 
E07000147;North Norfolk; 23 ; 151 ; 110 ; 14 ; 267 ; 96 ; 59 ; 28 ; 310 ; 172 ; 247 ; 249 ; 98.403 ; 471 ; 86 ; 32 ; 2.015 ; 27 ; 218 ; -   ; 0,1 ; 0,1 ; -   ; 0,3 ; 0,1 ; 0,1 ; -   ; 0,3 ; 0,2 ; 0,2 ; 0,2 ; 95,6 ; 0,5 ; 0,1 ; -   ; 2,0 ; -   ; 0,2 
E07000148;Norwich; 839 ; 1.627 ; 2.570 ; 528 ; 2.303 ; 2.807 ; 395 ; 376 ; 1.287 ; 966 ; 939 ; 1.327 ; 111.623 ; 885 ; 214 ; 214 ; 12.485 ; 900 ; 1.639 ; 0,6 ; 1,1 ; 1,8 ; 0,4 ; 1,6 ; 2,0 ; 0,3 ; 0,3 ; 0,9 ; 0,7 ; 0,7 ; 0,9 ; 77,6 ; 0,6 ; 0,1 ; 0,1 ; 8,7 ; 0,6 ; 1,1 
E07000149;South Norfolk; 150 ; 552 ; 977 ; 133 ; 750 ; 866 ; 163 ; 135 ; 745 ; 369 ; 391 ; 589 ; 130.292 ; 519 ; 150 ; 72 ; 4.441 ; 145 ; 509 ; 0,1 ; 0,4 ; 0,7 ; 0,1 ; 0,5 ; 0,6 ; 0,1 ; 0,1 ; 0,5 ; 0,3 ; 0,3 ; 0,4 ; 91,8 ; 0,4 ; 0,1 ; 0,1 ; 3,1 ; 0,1 ; 0,4 
E07000163;Craven; 18 ; 96 ; 205 ; 500 ; 153 ; 47 ; 22 ; 18 ; 208 ; 85 ; 128 ; 148 ; 53.690 ; 244 ; 48 ; 12 ; 1.149 ; 33 ; 123 ; -   ; 0,2 ; 0,4 ; 0,9 ; 0,3 ; 0,1 ; -   ; -   ; 0,4 ; 0,1 ; 0,2 ; 0,3 ; 94,3 ; 0,4 ; 0,1 ; -   ; 2,0 ; 0,1 ; 0,2 
E07000164;Hambleton; 21 ; 145 ; 190 ; 65 ; 243 ; 122 ; 56 ; 66 ; 283 ; 104 ; 149 ; 205 ; 86.678 ; 353 ; 111 ; 15 ; 1.607 ; 67 ; 212 ; -   ; 0,2 ; 0,2 ; 0,1 ; 0,3 ; 0,1 ; 0,1 ; 0,1 ; 0,3 ; 0,1 ; 0,2 ; 0,2 ; 95,6 ; 0,4 ; 0,1 ; -   ; 1,8 ; 0,1 ; 0,2 
E07000165;Harrogate; 70 ; 757 ; 913 ; 225 ; 982 ; 688 ; 211 ; 137 ; 997 ; 337 ; 530 ; 709 ; 147.479 ; 976 ; 83 ; 105 ; 6.601 ; 170 ; 698 ; -   ; 0,5 ; 0,6 ; 0,1 ; 0,6 ; 0,4 ; 0,1 ; 0,1 ; 0,6 ; 0,2 ; 0,3 ; 0,4 ; 90,7 ; 0,6 ; 0,1 ; 0,1 ; 4,1 ; 0,1 ; 0,4 
E07000166;Richmondshire; 9 ; 46 ; 68 ; 24 ; 1.199 ; 167 ; 132 ; 141 ; 150 ; 81 ; 103 ; 128 ; 46.027 ; 196 ; 33 ; 12 ; 721 ; 38 ; 506 ; -   ; 0,1 ; 0,1 ; -   ; 2,4 ; 0,3 ; 0,3 ; 0,3 ; 0,3 ; 0,2 ; 0,2 ; 0,3 ; 92,5 ; 0,4 ; 0,1 ; -   ; 1,4 ; 0,1 ; 1,0 
E07000167;Ryedale; 20 ; 93 ; 52 ; 42 ; 118 ; 62 ; 19 ; 12 ; 132 ; 89 ; 73 ; 130 ; 51.963 ; 236 ; 59 ; 25 ; 1.418 ; 32 ; 132 ; -   ; 0,2 ; 0,1 ; 0,1 ; 0,2 ; 0,1 ; -   ; -   ; 0,2 ; 0,2 ; 0,1 ; 0,2 ; 95,0 ; 0,4 ; 0,1 ; -   ; 2,6 ; 0,1 ; 0,2 
E07000168;Scarborough; 187 ; 222 ; 357 ; 143 ; 463 ; 268 ; 44 ; 19 ; 404 ; 164 ; 223 ; 278 ; 101.848 ; 316 ; 60 ; 136 ; 3.100 ; 128 ; 376 ; 0,2 ; 0,2 ; 0,3 ; 0,1 ; 0,4 ; 0,2 ; -   ; -   ; 0,4 ; 0,2 ; 0,2 ; 0,3 ; 93,7 ; 0,3 ; 0,1 ; 0,1 ; 2,9 ; 0,1 ; 0,3 
E07000169;Selby; 6 ; 215 ; 246 ; 38 ; 189 ; 140 ; 52 ; 36 ; 322 ; 122 ; 230 ; 210 ; 86.380 ; 360 ; 156 ; 43 ; 2.915 ; 94 ; 234 ; -   ; 0,2 ; 0,3 ; -   ; 0,2 ; 0,2 ; 0,1 ; -   ; 0,4 ; 0,1 ; 0,3 ; 0,2 ; 93,9 ; 0,4 ; 0,2 ; -   ; 3,2 ; 0,1 ; 0,3 
E07000170;Ashfield; 56 ; 356 ; 873 ; 209 ; 474 ; 959 ; 395 ; 221 ; 449 ; 267 ; 956 ; 387 ; 115.972 ; 313 ; 67 ; 54 ; 3.741 ; 100 ; 450 ; -   ; 0,3 ; 0,7 ; 0,2 ; 0,4 ; 0,8 ; 0,3 ; 0,2 ; 0,4 ; 0,2 ; 0,8 ; 0,3 ; 91,8 ; 0,2 ; 0,1 ; -   ; 3,0 ; 0,1 ; 0,4 
E07000171;Bassetlaw; 40 ; 237 ; 522 ; 208 ; 448 ; 378 ; 202 ; 156 ; 385 ; 176 ; 505 ; 339 ; 108.338 ; 317 ; 135 ; 67 ; 4.763 ; 95 ; 492 ; -   ; 0,2 ; 0,4 ; 0,2 ; 0,4 ; 0,3 ; 0,2 ; 0,1 ; 0,3 ; 0,1 ; 0,4 ; 0,3 ; 92,0 ; 0,3 ; 0,1 ; 0,1 ; 4,0 ; 0,1 ; 0,4 
E07000172;Broxtowe; 112 ; 1.289 ; 2.390 ; 1.232 ; 1.129 ; 1.129 ; 522 ; 216 ; 803 ; 284 ; 1.179 ; 553 ; 93.718 ; 653 ; 26 ; 63 ; 4.176 ; 498 ; 968 ; 0,1 ; 1,2 ; 2,2 ; 1,1 ; 1,0 ; 1,0 ; 0,5 ; 0,2 ; 0,7 ; 0,3 ; 1,1 ; 0,5 ; 84,5 ; 0,6 ; -   ; 0,1 ; 3,8 ; 0,4 ; 0,9 
E07000173;Gedling; 106 ; 472 ; 1.755 ; 1.451 ; 748 ; 1.026 ; 1.263 ; 386 ; 859 ; 351 ; 2.143 ; 777 ; 100.367 ; 887 ; 28 ; 55 ; 3.581 ; 186 ; 823 ; 0,1 ; 0,4 ; 1,5 ; 1,2 ; 0,6 ; 0,9 ; 1,1 ; 0,3 ; 0,7 ; 0,3 ; 1,8 ; 0,7 ; 85,6 ; 0,8 ; -   ; -   ; 3,1 ; 0,2 ; 0,7 
E07000174;Mansfield; 338 ; 337 ; 839 ; 250 ; 470 ; 755 ; 263 ; 156 ; 345 ; 219 ; 650 ; 330 ; 96.475 ; 387 ; 89 ; 182 ; 7.579 ; 186 ; 632 ; 0,3 ; 0,3 ; 0,8 ; 0,2 ; 0,4 ; 0,7 ; 0,2 ; 0,1 ; 0,3 ; 0,2 ; 0,6 ; 0,3 ; 87,3 ; 0,4 ; 0,1 ; 0,2 ; 6,9 ; 0,2 ; 0,6 
E07000175;Newark and Sherwood; 107 ; 300 ; 496 ; 165 ; 343 ; 431 ; 225 ; 148 ; 535 ; 218 ; 695 ; 396 ; 111.939 ; 569 ; 342 ; 103 ; 5.413 ; 123 ; 411 ; 0,1 ; 0,2 ; 0,4 ; 0,1 ; 0,3 ; 0,4 ; 0,2 ; 0,1 ; 0,4 ; 0,2 ; 0,6 ; 0,3 ; 91,0 ; 0,5 ; 0,3 ; 0,1 ; 4,4 ; 0,1 ; 0,3 
E07000176;Rushcliffe; 129 ; 900 ; 3.471 ; 1.498 ; 777 ; 574 ; 398 ; 123 ; 1.226 ; 291 ; 1.075 ; 711 ; 102.479 ; 893 ; 45 ; 43 ; 3.367 ; 369 ; 708 ; 0,1 ; 0,8 ; 2,9 ; 1,3 ; 0,7 ; 0,5 ; 0,3 ; 0,1 ; 1,0 ; 0,2 ; 0,9 ; 0,6 ; 86,1 ; 0,7 ; -   ; -   ; 2,8 ; 0,3 ; 0,6 
E07000177;Cherwell; 288 ; 1.411 ; 2.795 ; 3.153 ; 2.059 ; 1.731 ; 690 ; 424 ; 1.438 ; 730 ; 1.225 ; 1.221 ; 125.422 ; 1.245 ; 178 ; 354 ; 14.632 ; 376 ; 1.643 ; 0,2 ; 0,9 ; 1,7 ; 2,0 ; 1,3 ; 1,1 ; 0,4 ; 0,3 ; 0,9 ; 0,5 ; 0,8 ; 0,8 ; 77,9 ; 0,8 ; 0,1 ; 0,2 ; 9,1 ; 0,2 ; 1,0 
E07000178;Oxford; 2.025 ; 4.479 ; 6.005 ; 6.619 ; 5.863 ; 5.060 ; 1.629 ; 846 ; 3.197 ; 1.072 ; 1.916 ; 2.820 ; 86.672 ; 2.351 ; 62 ; 501 ; 24.975 ; 1.449 ; 4.499 ; 1,2 ; 2,8 ; 3,7 ; 4,1 ; 3,6 ; 3,1 ; 1,0 ; 0,5 ; 2,0 ; 0,7 ; 1,2 ; 1,7 ; 53,5 ; 1,5 ; -   ; 0,3 ; 15,4 ; 0,9 ; 2,8 
E07000179;South Oxfordshire; 249 ; 672 ; 1.645 ; 436 ; 1.261 ; 900 ; 345 ; 222 ; 1.289 ; 396 ; 791 ; 926 ; 127.890 ; 1.313 ; 106 ; 138 ; 9.338 ; 209 ; 962 ; 0,2 ; 0,5 ; 1,1 ; 0,3 ; 0,8 ; 0,6 ; 0,2 ; 0,1 ; 0,9 ; 0,3 ; 0,5 ; 0,6 ; 85,8 ; 0,9 ; 0,1 ; 0,1 ; 6,3 ; 0,1 ; 0,6 
E07000180;Vale of White Horse; 257 ; 1.283 ; 1.587 ; 650 ; 1.713 ; 1.450 ; 503 ; 362 ; 1.266 ; 435 ; 734 ; 1.017 ; 115.517 ; 1.146 ; 119 ; 131 ; 9.191 ; 350 ; 1.202 ; 0,2 ; 0,9 ; 1,1 ; 0,5 ; 1,2 ; 1,0 ; 0,4 ; 0,3 ; 0,9 ; 0,3 ; 0,5 ; 0,7 ; 83,2 ; 0,8 ; 0,1 ; 0,1 ; 6,6 ; 0,3 ; 0,9 
E07000181;West Oxfordshire; 211 ; 404 ; 498 ; 134 ; 689 ; 475 ; 160 ; 87 ; 818 ; 294 ; 478 ; 551 ; 101.648 ; 851 ; 187 ; 105 ; 5.982 ; 133 ; 531 ; 0,2 ; 0,4 ; 0,4 ; 0,1 ; 0,6 ; 0,4 ; 0,1 ; 0,1 ; 0,7 ; 0,3 ; 0,4 ; 0,5 ; 89,0 ; 0,7 ; 0,2 ; 0,1 ; 5,2 ; 0,1 ; 0,5 
E07000187;Mendip; 86 ; 402 ; 317 ; 36 ; 457 ; 230 ; 90 ; 49 ; 643 ; 237 ; 350 ; 436 ; 106.608 ; 756 ; 240 ; 87 ; 4.660 ; 44 ; 361 ; 0,1 ; 0,3 ; 0,3 ; -   ; 0,4 ; 0,2 ; 0,1 ; -   ; 0,6 ; 0,2 ; 0,3 ; 0,4 ; 91,8 ; 0,7 ; 0,2 ; 0,1 ; 4,0 ; -   ; 0,3 
E07000188;Sedgemoor; 188 ; 246 ; 725 ; 62 ; 585 ; 249 ; 90 ; 84 ; 493 ; 258 ; 297 ; 383 ; 114.340 ; 494 ; 185 ; 128 ; 5.938 ; 75 ; 521 ; 0,1 ; 0,2 ; 0,6 ; -   ; 0,5 ; 0,2 ; 0,1 ; 0,1 ; 0,4 ; 0,2 ; 0,2 ; 0,3 ; 91,2 ; 0,4 ; 0,1 ; 0,1 ; 4,7 ; 0,1 ; 0,4 
E07000189;South Somerset; 178 ; 335 ; 808 ; 132 ; 877 ; 555 ; 157 ; 104 ; 602 ; 386 ; 451 ; 584 ; 158.325 ; 653 ; 197 ; 141 ; 7.513 ; 112 ; 560 ; 0,1 ; 0,2 ; 0,5 ; 0,1 ; 0,5 ; 0,3 ; 0,1 ; 0,1 ; 0,3 ; 0,2 ; 0,3 ; 0,3 ; 91,7 ; 0,4 ; 0,1 ; 0,1 ; 4,4 ; 0,1 ; 0,3 
E07000192;Cannock Chase; 68 ; 246 ; 498 ; 118 ; 278 ; 194 ; 212 ; 66 ; 346 ; 113 ; 732 ; 231 ; 95.019 ; 315 ; 33 ; 30 ; 1.734 ; 27 ; 263 ; 0,1 ; 0,2 ; 0,5 ; 0,1 ; 0,3 ; 0,2 ; 0,2 ; 0,1 ; 0,3 ; 0,1 ; 0,7 ; 0,2 ; 94,5 ; 0,3 ; -   ; -   ; 1,7 ; -   ; 0,3 
E07000193;East Staffordshire; 208 ; 351 ; 1.084 ; 8.638 ; 1.271 ; 713 ; 487 ; 176 ; 867 ; 201 ; 1.190 ; 465 ; 97.019 ; 524 ; 102 ; 214 ; 9.192 ; 190 ; 1.129 ; 0,2 ; 0,3 ; 0,9 ; 7,0 ; 1,0 ; 0,6 ; 0,4 ; 0,1 ; 0,7 ; 0,2 ; 1,0 ; 0,4 ; 78,2 ; 0,4 ; 0,1 ; 0,2 ; 7,4 ; 0,2 ; 0,9 
E07000194;Lichfield; 163 ; 315 ; 1.477 ; 231 ; 310 ; 201 ; 316 ; 84 ; 608 ; 169 ; 795 ; 415 ; 97.952 ; 663 ; 29 ; 42 ; 2.231 ; 50 ; 385 ; 0,2 ; 0,3 ; 1,4 ; 0,2 ; 0,3 ; 0,2 ; 0,3 ; 0,1 ; 0,6 ; 0,2 ; 0,7 ; 0,4 ; 92,0 ; 0,6 ; -   ; -   ; 2,1 ; -   ; 0,4 
E07000195;Newcastle-under-Lyme; 273 ; 639 ; 1.707 ; 947 ; 1.076 ; 931 ; 227 ; 131 ; 672 ; 248 ; 659 ; 409 ; 110.947 ; 365 ; 71 ; 61 ; 3.079 ; 197 ; 660 ; 0,2 ; 0,5 ; 1,4 ; 0,8 ; 0,9 ; 0,8 ; 0,2 ; 0,1 ; 0,5 ; 0,2 ; 0,5 ; 0,3 ; 90,0 ; 0,3 ; 0,1 ; -   ; 2,5 ; 0,2 ; 0,5 
E07000196;South Staffordshire; 59 ; 189 ; 2.121 ; 435 ; 304 ; 307 ; 547 ; 177 ; 615 ; 120 ; 1.174 ; 333 ; 101.832 ; 483 ; 192 ; 29 ; 1.034 ; 60 ; 464 ; 0,1 ; 0,2 ; 1,9 ; 0,4 ; 0,3 ; 0,3 ; 0,5 ; 0,2 ; 0,6 ; 0,1 ; 1,1 ; 0,3 ; 92,2 ; 0,4 ; 0,2 ; -   ; 0,9 ; 0,1 ; 0,4 
E07000197;Stafford; 144 ; 474 ; 1.856 ; 518 ; 1.173 ; 715 ; 510 ; 215 ; 677 ; 248 ; 1.106 ; 521 ; 123.203 ; 699 ; 113 ; 69 ; 3.721 ; 224 ; 684 ; 0,1 ; 0,3 ; 1,4 ; 0,4 ; 0,9 ; 0,5 ; 0,4 ; 0,2 ; 0,5 ; 0,2 ; 0,8 ; 0,4 ; 90,0 ; 0,5 ; 0,1 ; 0,1 ; 2,7 ; 0,2 ; 0,5 
E07000198;Staffordshire Moorlands; 11 ; 122 ; 199 ; 100 ; 226 ; 78 ; 90 ; 20 ; 308 ; 89 ; 307 ; 198 ; 92.567 ; 254 ; 53 ; 13 ; 1.044 ; 27 ; 138 ; -   ; 0,1 ; 0,2 ; 0,1 ; 0,2 ; 0,1 ; 0,1 ; -   ; 0,3 ; 0,1 ; 0,3 ; 0,2 ; 96,6 ; 0,3 ; 0,1 ; -   ; 1,1 ; -   ; 0,1 
E07000199;Tamworth; 38 ; 201 ; 506 ; 103 ; 233 ; 151 ; 257 ; 84 ; 369 ; 119 ; 756 ; 228 ; 71.456 ; 449 ; 17 ; 110 ; 3.277 ; 56 ; 232 ; -   ; 0,3 ; 0,6 ; 0,1 ; 0,3 ; 0,2 ; 0,3 ; 0,1 ; 0,5 ; 0,2 ; 1,0 ; 0,3 ; 90,9 ; 0,6 ; -   ; 0,1 ; 4,2 ; 0,1 ; 0,3 
E07000200;Babergh; 107 ; 177 ; 234 ; 37 ; 320 ; 287 ; 124 ; 92 ; 382 ; 210 ; 383 ; 376 ; 86.418 ; 481 ; 40 ; 26 ; 2.304 ; 37 ; 307 ; 0,1 ; 0,2 ; 0,3 ; -   ; 0,3 ; 0,3 ; 0,1 ; 0,1 ; 0,4 ; 0,2 ; 0,4 ; 0,4 ; 93,6 ; 0,5 ; -   ; -   ; 2,5 ; -   ; 0,3 
E07000202;Ipswich; 2.015 ; 749 ; 2.366 ; 376 ; 2.105 ; 2.483 ; 1.508 ; 891 ; 820 ; 1.151 ; 3.016 ; 1.422 ; 104.208 ; 587 ; 356 ; 663 ; 11.943 ; 357 ; 2.627 ; 1,4 ; 0,5 ; 1,7 ; 0,3 ; 1,5 ; 1,8 ; 1,1 ; 0,6 ; 0,6 ; 0,8 ; 2,2 ; 1,0 ; 74,6 ; 0,4 ; 0,3 ; 0,5 ; 8,6 ; 0,3 ; 1,9 
E07000203;Mid Suffolk; 36 ; 176 ; 204 ; 33 ; 372 ; 274 ; 166 ; 113 ; 365 ; 200 ; 480 ; 418 ; 96.581 ; 442 ; 93 ; 27 ; 2.320 ; 44 ; 357 ; -   ; 0,2 ; 0,2 ; -   ; 0,4 ; 0,3 ; 0,2 ; 0,1 ; 0,4 ; 0,2 ; 0,5 ; 0,4 ; 94,0 ; 0,4 ; 0,1 ; -   ; 2,3 ; -   ; 0,3 
E07000207;Elmbridge; 630 ; 1.415 ; 3.539 ; 919 ; 2.549 ; 1.135 ; 388 ; 207 ; 2.372 ; 681 ; 854 ; 1.781 ; 102.867 ; 2.326 ; 149 ; 177 ; 13.981 ; 884 ; 1.901 ; 0,5 ; 1,0 ; 2,6 ; 0,7 ; 1,8 ; 0,8 ; 0,3 ; 0,1 ; 1,7 ; 0,5 ; 0,6 ; 1,3 ; 74,1 ; 1,7 ; 0,1 ; 0,1 ; 10,1 ; 0,6 ; 1,4 
E07000208;Epsom and Ewell; 528 ; 1.293 ; 3.189 ; 1.474 ; 2.749 ; 970 ; 353 ; 246 ; 1.416 ; 401 ; 601 ; 1.132 ; 56.136 ; 1.190 ; 81 ; 139 ; 6.766 ; 721 ; 1.552 ; 0,7 ; 1,6 ; 3,9 ; 1,8 ; 3,4 ; 1,2 ; 0,4 ; 0,3 ; 1,7 ; 0,5 ; 0,7 ; 1,4 ; 69,4 ; 1,5 ; 0,1 ; 0,2 ; 8,4 ; 0,9 ; 1,9 
E07000209;Guildford; 476 ; 2.315 ; 2.873 ; 921 ; 3.045 ; 1.531 ; 357 ; 262 ; 1.773 ; 615 ; 710 ; 1.288 ; 111.076 ; 1.292 ; 467 ; 235 ; 11.718 ; 731 ; 1.962 ; 0,3 ; 1,6 ; 2,0 ; 0,6 ; 2,1 ; 1,1 ; 0,2 ; 0,2 ; 1,2 ; 0,4 ; 0,5 ; 0,9 ; 77,3 ; 0,9 ; 0,3 ; 0,2 ; 8,2 ; 0,5 ; 1,4 
E07000210;Mole Valley; 243 ; 459 ; 868 ; 247 ; 820 ; 450 ; 170 ; 86 ; 878 ; 227 ; 417 ; 672 ; 74.983 ; 948 ; 99 ; 53 ; 4.963 ; 229 ; 575 ; 0,3 ; 0,5 ; 1,0 ; 0,3 ; 0,9 ; 0,5 ; 0,2 ; 0,1 ; 1,0 ; 0,3 ; 0,5 ; 0,8 ; 85,8 ; 1,1 ; 0,1 ; 0,1 ; 5,7 ; 0,3 ; 0,7 
E07000211;Reigate and Banstead; 887 ; 950 ; 4.637 ; 2.029 ; 2.880 ; 2.878 ; 1.000 ; 537 ; 1.895 ; 745 ; 1.268 ; 1.633 ; 115.949 ; 1.724 ; 278 ; 145 ; 9.238 ; 457 ; 1.716 ; 0,6 ; 0,6 ; 3,1 ; 1,3 ; 1,9 ; 1,9 ; 0,7 ; 0,4 ; 1,3 ; 0,5 ; 0,8 ; 1,1 ; 76,9 ; 1,1 ; 0,2 ; 0,1 ; 6,1 ; 0,3 ; 1,1 
E07000212;Runnymede; 406 ; 961 ; 4.030 ; 837 ; 1.906 ; 1.092 ; 358 ; 141 ; 1.192 ; 402 ; 574 ; 945 ; 63.965 ; 1.131 ; 371 ; 187 ; 7.903 ; 461 ; 1.217 ; 0,5 ; 1,1 ; 4,6 ; 1,0 ; 2,2 ; 1,2 ; 0,4 ; 0,2 ; 1,4 ; 0,5 ; 0,7 ; 1,1 ; 72,6 ; 1,3 ; 0,4 ; 0,2 ; 9,0 ; 0,5 ; 1,4 
E07000213;Spelthorne; 433 ; 799 ; 7.559 ; 1.670 ; 2.685 ; 1.711 ; 583 ; 254 ; 1.489 ; 482 ; 718 ; 1.074 ; 71.261 ; 1.321 ; 277 ; 214 ; 7.927 ; 528 ; 1.975 ; 0,4 ; 0,8 ; 7,3 ; 1,6 ; 2,6 ; 1,7 ; 0,6 ; 0,2 ; 1,4 ; 0,5 ; 0,7 ; 1,0 ; 69,2 ; 1,3 ; 0,3 ; 0,2 ; 7,7 ; 0,5 ; 1,9 
E07000214;Surrey Heath; 474 ; 592 ; 2.941 ; 1.290 ; 2.760 ; 953 ; 292 ; 183 ; 963 ; 263 ; 476 ; 758 ; 70.473 ; 837 ; 201 ; 95 ; 5.295 ; 360 ; 1.250 ; 0,5 ; 0,7 ; 3,3 ; 1,4 ; 3,1 ; 1,1 ; 0,3 ; 0,2 ; 1,1 ; 0,3 ; 0,5 ; 0,8 ; 77,9 ; 0,9 ; 0,2 ; 0,1 ; 5,9 ; 0,4 ; 1,4 
E07000215;Tandridge; 223 ; 460 ; 1.300 ; 346 ; 942 ; 931 ; 750 ; 248 ; 1.137 ; 359 ; 918 ; 917 ; 73.343 ; 998 ; 331 ; 42 ; 3.870 ; 96 ; 666 ; 0,3 ; 0,5 ; 1,5 ; 0,4 ; 1,1 ; 1,1 ; 0,9 ; 0,3 ; 1,3 ; 0,4 ; 1,0 ; 1,0 ; 83,5 ; 1,1 ; 0,4 ; -   ; 4,4 ; 0,1 ; 0,8 
E07000216;Waverley; 246 ; 801 ; 796 ; 830 ; 952 ; 588 ; 194 ; 105 ; 1.324 ; 314 ; 438 ; 770 ; 111.321 ; 1.294 ; 257 ; 83 ; 7.133 ; 145 ; 635 ; 0,2 ; 0,6 ; 0,6 ; 0,6 ; 0,7 ; 0,5 ; 0,2 ; 0,1 ; 1,0 ; 0,2 ; 0,3 ; 0,6 ; 86,8 ; 1,0 ; 0,2 ; 0,1 ; 5,6 ; 0,1 ; 0,5 
E07000217;Woking; 685 ; 990 ; 3.358 ; 7.325 ; 2.383 ; 1.331 ; 323 ; 225 ; 1.470 ; 480 ; 604 ; 1.060 ; 69.911 ; 1.050 ; 91 ; 301 ; 10.176 ; 641 ; 1.539 ; 0,7 ; 1,0 ; 3,2 ; 7,0 ; 2,3 ; 1,3 ; 0,3 ; 0,2 ; 1,4 ; 0,5 ; 0,6 ; 1,0 ; 67,3 ; 1,0 ; 0,1 ; 0,3 ; 9,8 ; 0,6 ; 1,5 
E07000218;North Warwickshire; 11 ; 89 ; 463 ; 125 ; 156 ; 113 ; 196 ; 55 ; 268 ; 101 ; 542 ; 202 ; 60.598 ; 475 ; 19 ; 55 ; 1.367 ; 32 ; 169 ; -   ; 0,1 ; 0,7 ; 0,2 ; 0,2 ; 0,2 ; 0,3 ; 0,1 ; 0,4 ; 0,2 ; 0,8 ; 0,3 ; 93,2 ; 0,7 ; -   ; 0,1 ; 2,1 ; -   ; 0,3 
E07000219;Nuneaton and Bedworth; 121 ; 357 ; 7.154 ; 940 ; 2.210 ; 1.622 ; 492 ; 332 ; 694 ; 270 ; 1.066 ; 419 ; 109.807 ; 697 ; 95 ; 127 ; 6.213 ; 169 ; 1.413 ; 0,1 ; 0,3 ; 5,3 ; 0,7 ; 1,6 ; 1,2 ; 0,4 ; 0,2 ; 0,5 ; 0,2 ; 0,8 ; 0,3 ; 81,8 ; 0,5 ; 0,1 ; 0,1 ; 4,6 ; 0,1 ; 1,1 
E07000220;Rugby; 299 ; 787 ; 5.322 ; 963 ; 1.357 ; 1.897 ; 793 ; 420 ; 987 ; 408 ; 1.170 ; 637 ; 85.684 ; 1.071 ; 73 ; 207 ; 10.978 ; 149 ; 1.161 ; 0,3 ; 0,7 ; 4,7 ; 0,8 ; 1,2 ; 1,7 ; 0,7 ; 0,4 ; 0,9 ; 0,4 ; 1,0 ; 0,6 ; 74,9 ; 0,9 ; 0,1 ; 0,2 ; 9,6 ; 0,1 ; 1,0 
E07000221;Stratford-on-Avon; 39 ; 426 ; 1.239 ; 245 ; 617 ; 242 ; 180 ; 60 ; 922 ; 245 ; 584 ; 537 ; 121.330 ; 1.183 ; 146 ; 94 ; 5.919 ; 130 ; 586 ; -   ; 0,3 ; 0,9 ; 0,2 ; 0,5 ; 0,2 ; 0,1 ; -   ; 0,7 ; 0,2 ; 0,4 ; 0,4 ; 90,1 ; 0,9 ; 0,1 ; 0,1 ; 4,4 ; 0,1 ; 0,4 
E07000222;Warwick; 132 ; 1.456 ; 10.112 ; 883 ; 1.820 ; 1.000 ; 445 ; 171 ; 1.745 ; 450 ; 1.166 ; 1.118 ; 112.650 ; 2.114 ; 55 ; 167 ; 10.548 ; 302 ; 2.120 ; 0,1 ; 1,0 ; 6,8 ; 0,6 ; 1,2 ; 0,7 ; 0,3 ; 0,1 ; 1,2 ; 0,3 ; 0,8 ; 0,8 ; 75,9 ; 1,4 ; -   ; 0,1 ; 7,1 ; 0,2 ; 1,4 
E07000223;Adur; 369 ; 269 ; 303 ; 89 ; 365 ; 359 ; 110 ; 61 ; 535 ; 316 ; 306 ; 470 ; 57.390 ; 488 ; 105 ; 53 ; 2.258 ; 208 ; 489 ; 0,6 ; 0,4 ; 0,5 ; 0,1 ; 0,6 ; 0,6 ; 0,2 ; 0,1 ; 0,8 ; 0,5 ; 0,5 ; 0,7 ; 88,9 ; 0,8 ; 0,2 ; 0,1 ; 3,5 ; 0,3 ; 0,8 
E07000224;Arun; 523 ; 433 ; 727 ; 108 ; 839 ; 500 ; 221 ; 136 ; 784 ; 420 ; 580 ; 700 ; 146.178 ; 1.018 ; 216 ; 159 ; 10.431 ; 121 ; 793 ; 0,3 ; 0,3 ; 0,4 ; 0,1 ; 0,5 ; 0,3 ; 0,1 ; 0,1 ; 0,5 ; 0,3 ; 0,4 ; 0,4 ; 88,7 ; 0,6 ; 0,1 ; 0,1 ; 6,3 ; 0,1 ; 0,5 
E07000225;Chichester; 176 ; 413 ; 624 ; 61 ; 894 ; 453 ; 218 ; 112 ; 720 ; 293 ; 450 ; 584 ; 111.822 ; 862 ; 294 ; 93 ; 5.333 ; 147 ; 522 ; 0,1 ; 0,3 ; 0,5 ; -   ; 0,7 ; 0,4 ; 0,2 ; 0,1 ; 0,6 ; 0,2 ; 0,4 ; 0,5 ; 90,1 ; 0,7 ; 0,2 ; 0,1 ; 4,3 ; 0,1 ; 0,4 
E07000226;Crawley; 626 ; 563 ; 7.335 ; 6.122 ; 3.590 ; 3.296 ; 683 ; 1.352 ; 1.291 ; 1.002 ; 1.083 ; 1.462 ; 73.178 ; 831 ; 103 ; 337 ; 12.490 ; 675 ; 2.473 ; 0,5 ; 0,5 ; 6,2 ; 5,2 ; 3,0 ; 2,8 ; 0,6 ; 1,1 ; 1,1 ; 0,8 ; 0,9 ; 1,2 ; 61,8 ; 0,7 ; 0,1 ; 0,3 ; 10,5 ; 0,6 ; 2,1 
E07000227;Horsham; 263 ; 634 ; 1.417 ; 401 ; 1.259 ; 895 ; 256 ; 161 ; 1.160 ; 399 ; 571 ; 1.000 ; 129.348 ; 1.163 ; 233 ; 100 ; 6.598 ; 209 ; 709 ; 0,2 ; 0,4 ; 1,0 ; 0,3 ; 0,9 ; 0,6 ; 0,2 ; 0,1 ; 0,8 ; 0,3 ; 0,4 ; 0,7 ; 88,1 ; 0,8 ; 0,2 ; 0,1 ; 4,5 ; 0,1 ; 0,5 
E07000228;Mid Sussex; 599 ; 588 ; 2.489 ; 279 ; 1.550 ; 871 ; 309 ; 157 ; 1.597 ; 555 ; 634 ; 1.041 ; 130.971 ; 1.456 ; 175 ; 150 ; 7.972 ; 209 ; 964 ; 0,4 ; 0,4 ; 1,6 ; 0,2 ; 1,0 ; 0,6 ; 0,2 ; 0,1 ; 1,0 ; 0,4 ; 0,4 ; 0,7 ; 85,8 ; 1,0 ; 0,1 ; 0,1 ; 5,2 ; 0,1 ; 0,6 
E07000229;Worthing; 727 ; 572 ; 1.097 ; 268 ; 1.723 ; 893 ; 250 ; 138 ; 981 ; 533 ; 548 ; 792 ; 94.680 ; 942 ; 82 ; 194 ; 5.811 ; 246 ; 861 ; 0,7 ; 0,5 ; 1,0 ; 0,2 ; 1,5 ; 0,8 ; 0,2 ; 0,1 ; 0,9 ; 0,5 ; 0,5 ; 0,7 ; 85,0 ; 0,8 ; 0,1 ; 0,2 ; 5,2 ; 0,2 ; 0,8 
E07000234;Bromsgrove; 64 ; 410 ; 1.854 ; 405 ; 426 ; 278 ; 375 ; 113 ; 783 ; 141 ; 1.022 ; 468 ; 89.676 ; 986 ; 85 ; 9 ; 1.553 ; 124 ; 411 ; 0,1 ; 0,4 ; 1,9 ; 0,4 ; 0,4 ; 0,3 ; 0,4 ; 0,1 ; 0,8 ; 0,1 ; 1,0 ; 0,5 ; 90,4 ; 1,0 ; 0,1 ; -   ; 1,6 ; 0,1 ; 0,4 
E07000235;Malvern Hills; 59 ; 295 ; 300 ; 121 ; 276 ; 162 ; 68 ; 32 ; 470 ; 160 ; 252 ; 237 ; 74.197 ; 391 ; 195 ; 14 ; 1.982 ; 48 ; 228 ; 0,1 ; 0,4 ; 0,4 ; 0,2 ; 0,3 ; 0,2 ; 0,1 ; -   ; 0,6 ; 0,2 ; 0,3 ; 0,3 ; 93,3 ; 0,5 ; 0,2 ; -   ; 2,5 ; 0,1 ; 0,3 
E07000236;Redditch; 226 ; 236 ; 1.042 ; 3.148 ; 343 ; 335 ; 550 ; 169 ; 498 ; 120 ; 1.330 ; 335 ; 71.742 ; 539 ; 53 ; 57 ; 5.782 ; 64 ; 465 ; 0,3 ; 0,3 ; 1,2 ; 3,6 ; 0,4 ; 0,4 ; 0,6 ; 0,2 ; 0,6 ; 0,1 ; 1,5 ; 0,4 ; 82,4 ; 0,6 ; 0,1 ; 0,1 ; 6,6 ; 0,1 ; 0,5 
E07000237;Worcester; 542 ; 388 ; 1.336 ; 2.578 ; 1.016 ; 836 ; 241 ; 135 ; 716 ; 425 ; 628 ; 514 ; 85.868 ; 566 ; 95 ; 132 ; 6.817 ; 160 ; 876 ; 0,5 ; 0,4 ; 1,3 ; 2,5 ; 1,0 ; 0,8 ; 0,2 ; 0,1 ; 0,7 ; 0,4 ; 0,6 ; 0,5 ; 82,7 ; 0,5 ; 0,1 ; 0,1 ; 6,6 ; 0,2 ; 0,8 
E07000238;Wychavon; 75 ; 221 ; 607 ; 163 ; 444 ; 192 ; 192 ; 77 ; 546 ; 158 ; 481 ; 415 ; 120.048 ; 624 ; 637 ; 148 ; 6.868 ; 96 ; 503 ; 0,1 ; 0,2 ; 0,5 ; 0,1 ; 0,3 ; 0,1 ; 0,1 ; 0,1 ; 0,4 ; 0,1 ; 0,4 ; 0,3 ; 90,6 ; 0,5 ; 0,5 ; 0,1 ; 5,2 ; 0,1 ; 0,4 
E07000239;Wyre Forest; 748 ; 244 ; 437 ; 140 ; 370 ; 159 ; 169 ; 67 ; 467 ; 113 ; 606 ; 284 ; 93.961 ; 475 ; 451 ; 49 ; 2.487 ; 64 ; 318 ; 0,7 ; 0,2 ; 0,4 ; 0,1 ; 0,4 ; 0,2 ; 0,2 ; 0,1 ; 0,5 ; 0,1 ; 0,6 ; 0,3 ; 92,5 ; 0,5 ; 0,4 ; -   ; 2,4 ; 0,1 ; 0,3 
E07000240;St Albans; 3.107 ; 1.625 ; 3.856 ; 1.619 ; 1.969 ; 1.821 ; 905 ; 433 ; 2.556 ; 650 ; 1.306 ; 1.842 ; 108.962 ; 2.976 ; 142 ; 149 ; 11.636 ; 880 ; 1.735 ; 2,1 ; 1,1 ; 2,6 ; 1,1 ; 1,3 ; 1,2 ; 0,6 ; 0,3 ; 1,7 ; 0,4 ; 0,9 ; 1,2 ; 73,5 ; 2,0 ; 0,1 ; 0,1 ; 7,9 ; 0,6 ; 1,2 
E07000241;Welwyn Hatfield; 598 ; 1.324 ; 5.211 ; 1.198 ; 2.264 ; 5.553 ; 1.069 ; 685 ; 1.353 ; 863 ; 1.337 ; 1.378 ; 80.551 ; 1.569 ; 267 ; 264 ; 11.647 ; 534 ; 2.170 ; 0,5 ; 1,1 ; 4,3 ; 1,0 ; 1,9 ; 4,6 ; 0,9 ; 0,6 ; 1,1 ; 0,7 ; 1,1 ; 1,1 ; 67,2 ; 1,3 ; 0,2 ; 0,2 ; 9,7 ; 0,4 ; 1,8 
E07000242;East Hertfordshire; 366 ; 786 ; 1.442 ; 390 ; 1.035 ; 1.206 ; 496 ; 249 ; 1.427 ; 489 ; 1.122 ; 1.207 ; 127.245 ; 1.855 ; 145 ; 283 ; 9.059 ; 258 ; 1.099 ; 0,2 ; 0,5 ; 1,0 ; 0,3 ; 0,7 ; 0,8 ; 0,3 ; 0,2 ; 1,0 ; 0,3 ; 0,7 ; 0,8 ; 84,7 ; 1,2 ; 0,1 ; 0,2 ; 6,0 ; 0,2 ; 0,7 
E07000243;Stevenage; 800 ; 536 ; 2.546 ; 952 ; 1.866 ; 2.991 ; 799 ; 550 ; 769 ; 503 ; 1.193 ; 751 ; 67.394 ; 970 ; 72 ; 96 ; 5.567 ; 266 ; 877 ; 0,9 ; 0,6 ; 2,8 ; 1,1 ; 2,1 ; 3,3 ; 0,9 ; 0,6 ; 0,9 ; 0,6 ; 1,3 ; 0,8 ; 75,3 ; 1,1 ; 0,1 ; 0,1 ; 6,2 ; 0,3 ; 1,0 
E07000244;East Suffolk; 283 ; 740 ; 1.034 ; 261 ; 1.129 ; 712 ; 422 ; 223 ; 1.072 ; 579 ; 1.054 ; 1.002 ; 229.063 ; 1.095 ; 146 ; 77 ; 6.246 ; 112 ; 810 ; 0,1 ; 0,3 ; 0,4 ; 0,1 ; 0,5 ; 0,3 ; 0,2 ; 0,1 ; 0,4 ; 0,2 ; 0,4 ; 0,4 ; 93,1 ; 0,4 ; 0,1 ; -   ; 2,5 ; -   ; 0,3 
E07000245;West Suffolk; 286 ; 600 ; 1.442 ; 493 ; 1.910 ; 1.312 ; 561 ; 1.000 ; 1.169 ; 840 ; 899 ; 1.972 ; 147.935 ; 1.387 ; 268 ; 195 ; 15.371 ; 234 ; 2.074 ; 0,2 ; 0,3 ; 0,8 ; 0,3 ; 1,1 ; 0,7 ; 0,3 ; 0,6 ; 0,6 ; 0,5 ; 0,5 ; 1,1 ; 82,2 ; 0,8 ; 0,1 ; 0,1 ; 8,5 ; 0,1 ; 1,2 
E07000246;Somerset West and Taunton; 230 ; 680 ; 1.097 ; 101 ; 1.116 ; 623 ; 120 ; 84 ; 710 ; 334 ; 464 ; 511 ; 142.560 ; 727 ; 186 ; 150 ; 6.960 ; 145 ; 649 ; 0,1 ; 0,4 ; 0,7 ; 0,1 ; 0,7 ; 0,4 ; 0,1 ; 0,1 ; 0,5 ; 0,2 ; 0,3 ; 0,3 ; 90,5 ; 0,5 ; 0,1 ; 0,1 ; 4,4 ; 0,1 ; 0,4 
E08000001;Bolton; 985 ; 1.123 ; 26.238 ; 27.897 ; 3.353 ; 9.299 ; 603 ; 1.336 ; 2.338 ; 1.242 ; 1.737 ; 1.326 ; 203.486 ; 1.430 ; 519 ; 373 ; 7.133 ; 1.812 ; 3.730 ; 0,3 ; 0,4 ; 8,9 ; 9,4 ; 1,1 ; 3,1 ; 0,2 ; 0,5 ; 0,8 ; 0,4 ; 0,6 ; 0,4 ; 68,8 ; 0,5 ; 0,2 ; 0,1 ; 2,4 ; 0,6 ; 1,3 
E08000002;Bury; 480 ; 1.055 ; 1.866 ; 15.148 ; 2.044 ; 2.520 ; 701 ; 469 ; 1.670 ; 746 ; 1.622 ; 1.085 ; 151.528 ; 2.192 ; 132 ; 134 ; 6.730 ; 715 ; 3.014 ; 0,2 ; 0,5 ; 1,0 ; 7,8 ; 1,1 ; 1,3 ; 0,4 ; 0,2 ; 0,9 ; 0,4 ; 0,8 ; 0,6 ; 78,2 ; 1,1 ; 0,1 ; 0,1 ; 3,5 ; 0,4 ; 1,6 
E08000003;Manchester; 9.673 ; 12.644 ; 14.857 ; 65.875 ; 12.060 ; 47.858 ; 10.472 ; 7.563 ; 6.149 ; 5.992 ; 9.987 ; 6.898 ; 268.572 ; 9.442 ; 597 ; 883 ; 34.138 ; 15.028 ; 13.250 ; 1,8 ; 2,3 ; 2,7 ; 11,9 ; 2,2 ; 8,7 ; 1,9 ; 1,4 ; 1,1 ; 1,1 ; 1,8 ; 1,2 ; 48,7 ; 1,7 ; 0,1 ; 0,2 ; 6,2 ; 2,7 ; 2,4 
E08000004;Oldham; 21.754 ; 819 ; 1.676 ; 32.802 ; 2.514 ; 6.065 ; 876 ; 1.268 ; 1.829 ; 1.043 ; 2.353 ; 900 ; 157.914 ; 1.279 ; 177 ; 549 ; 4.978 ; 521 ; 2.770 ; 9,0 ; 0,3 ; 0,7 ; 13,5 ; 1,0 ; 2,5 ; 0,4 ; 0,5 ; 0,8 ; 0,4 ; 1,0 ; 0,4 ; 65,2 ; 0,5 ; 0,1 ; 0,2 ; 2,1 ; 0,2 ; 1,1 
E08000005;Rochdale; 5.170 ; 867 ; 1.190 ; 30.525 ; 3.654 ; 6.476 ; 440 ; 1.011 ; 1.736 ; 1.210 ; 1.303 ; 1.035 ; 156.669 ; 1.735 ; 194 ; 163 ; 6.724 ; 815 ; 2.854 ; 2,3 ; 0,4 ; 0,5 ; 13,6 ; 1,6 ; 2,9 ; 0,2 ; 0,5 ; 0,8 ; 0,5 ; 0,6 ; 0,5 ; 70,0 ; 0,8 ; 0,1 ; 0,1 ; 3,0 ; 0,4 ; 1,3 
E08000006;Salford; 803 ; 3.319 ; 3.744 ; 4.074 ; 2.998 ; 13.477 ; 1.338 ; 1.658 ; 1.844 ; 2.098 ; 2.596 ; 1.963 ; 199.614 ; 2.882 ; 295 ; 515 ; 18.942 ; 3.214 ; 4.548 ; 0,3 ; 1,2 ; 1,4 ; 1,5 ; 1,1 ; 5,0 ; 0,5 ; 0,6 ; 0,7 ; 0,8 ; 1,0 ; 0,7 ; 74,0 ; 1,1 ; 0,1 ; 0,2 ; 7,0 ; 1,2 ; 1,7 
E08000007;Stockport; 963 ; 2.306 ; 4.433 ; 10.953 ; 2.809 ; 2.030 ; 896 ; 490 ; 2.359 ; 1.236 ; 2.215 ; 1.858 ; 245.831 ; 4.174 ; 90 ; 132 ; 7.303 ; 1.509 ; 3.183 ; 0,3 ; 0,8 ; 1,5 ; 3,7 ; 1,0 ; 0,7 ; 0,3 ; 0,2 ; 0,8 ; 0,4 ; 0,8 ; 0,6 ; 83,4 ; 1,4 ; -   ; -   ; 2,5 ; 0,5 ; 1,1 
E08000008;Tameside; 5.842 ; 1.402 ; 3.737 ; 8.966 ; 1.251 ; 4.115 ; 612 ; 548 ; 1.344 ; 859 ; 1.854 ; 906 ; 190.305 ; 1.536 ; 112 ; 100 ; 5.623 ; 540 ; 1.418 ; 2,5 ; 0,6 ; 1,6 ; 3,9 ; 0,5 ; 1,8 ; 0,3 ; 0,2 ; 0,6 ; 0,4 ; 0,8 ; 0,4 ; 82,4 ; 0,7 ; -   ; -   ; 2,4 ; 0,2 ; 0,6 
E08000009;Trafford; 634 ; 4.813 ; 10.208 ; 11.479 ; 2.454 ; 3.636 ; 3.442 ; 1.008 ; 2.443 ; 1.068 ; 3.091 ; 2.232 ; 169.550 ; 4.884 ; 46 ; 134 ; 8.147 ; 2.457 ; 3.327 ; 0,3 ; 2,0 ; 4,3 ; 4,9 ; 1,0 ; 1,5 ; 1,5 ; 0,4 ; 1,0 ; 0,5 ; 1,3 ; 0,9 ; 72,1 ; 2,1 ; -   ; 0,1 ; 3,5 ; 1,0 ; 1,4 
E08000010;Wigan; 156 ; 1.234 ; 1.532 ; 1.342 ; 1.562 ; 3.081 ; 331 ; 495 ; 1.293 ; 885 ; 1.148 ; 1.027 ; 302.482 ; 1.353 ; 247 ; 291 ; 8.579 ; 711 ; 1.581 ; -   ; 0,4 ; 0,5 ; 0,4 ; 0,5 ; 0,9 ; 0,1 ; 0,2 ; 0,4 ; 0,3 ; 0,3 ; 0,3 ; 91,8 ; 0,4 ; 0,1 ; 0,1 ; 2,6 ; 0,2 ; 0,5 
E08000011;Knowsley; 32 ; 630 ; 936 ; 186 ; 726 ; 964 ; 130 ; 170 ; 577 ; 653 ; 740 ; 688 ; 142.698 ; 855 ; 24 ; 112 ; 3.545 ; 289 ; 563 ; -   ; 0,4 ; 0,6 ; 0,1 ; 0,5 ; 0,6 ; 0,1 ; 0,1 ; 0,4 ; 0,4 ; 0,5 ; 0,4 ; 92,4 ; 0,6 ; -   ; 0,1 ; 2,3 ; 0,2 ; 0,4 
E08000012;Liverpool; 1.917 ; 8.841 ; 6.251 ; 3.673 ; 7.085 ; 12.709 ; 1.493 ; 2.762 ; 3.662 ; 4.157 ; 4.127 ; 4.934 ; 375.785 ; 6.826 ; 501 ; 1.169 ; 24.162 ; 8.312 ; 7.722 ; 0,4 ; 1,8 ; 1,3 ; 0,8 ; 1,5 ; 2,6 ; 0,3 ; 0,6 ; 0,8 ; 0,9 ; 0,8 ; 1,0 ; 77,3 ; 1,4 ; 0,1 ; 0,2 ; 5,0 ; 1,7 ; 1,6 
E08000013;St. Helens; 172 ; 660 ; 557 ; 238 ; 952 ; 558 ; 103 ; 115 ; 597 ; 417 ; 466 ; 491 ; 171.546 ; 945 ; 145 ; 67 ; 4.185 ; 377 ; 657 ; 0,1 ; 0,4 ; 0,3 ; 0,1 ; 0,5 ; 0,3 ; 0,1 ; 0,1 ; 0,3 ; 0,2 ; 0,3 ; 0,3 ; 93,6 ; 0,5 ; 0,1 ; -   ; 2,3 ; 0,2 ; 0,4 
E08000014;Sefton; 423 ; 1.216 ; 1.009 ; 262 ; 1.384 ; 1.006 ; 308 ; 195 ; 1.225 ; 821 ; 893 ; 1.117 ; 256.327 ; 2.241 ; 47 ; 220 ; 8.705 ; 523 ; 1.311 ; 0,2 ; 0,4 ; 0,4 ; 0,1 ; 0,5 ; 0,4 ; 0,1 ; 0,1 ; 0,4 ; 0,3 ; 0,3 ; 0,4 ; 91,8 ; 0,8 ; -   ; 0,1 ; 3,1 ; 0,2 ; 0,5 
E08000015;Wirral; 1.319 ; 1.847 ; 1.933 ; 364 ; 1.839 ; 854 ; 330 ; 205 ; 1.605 ; 973 ; 1.054 ; 1.298 ; 295.967 ; 2.641 ; 46 ; 128 ; 5.910 ; 585 ; 1.301 ; 0,4 ; 0,6 ; 0,6 ; 0,1 ; 0,6 ; 0,3 ; 0,1 ; 0,1 ; 0,5 ; 0,3 ; 0,3 ; 0,4 ; 92,4 ; 0,8 ; -   ; -   ; 1,8 ; 0,2 ; 0,4 
E08000016;Barnsley; 39 ; 542 ; 504 ; 368 ; 844 ; 1.311 ; 163 ; 241 ; 605 ; 394 ; 754 ; 540 ; 226.488 ; 526 ; 229 ; 314 ; 9.377 ; 215 ; 1.118 ; -   ; 0,2 ; 0,2 ; 0,2 ; 0,3 ; 0,5 ; 0,1 ; 0,1 ; 0,2 ; 0,2 ; 0,3 ; 0,2 ; 92,6 ; 0,2 ; 0,1 ; 0,1 ; 3,8 ; 0,1 ; 0,5 
E08000017;Doncaster; 190 ; 1.031 ; 2.279 ; 3.150 ; 2.436 ; 2.527 ; 672 ; 543 ; 1.197 ; 716 ; 1.805 ; 885 ; 266.879 ; 999 ; 856 ; 687 ; 17.534 ; 424 ; 3.294 ; 0,1 ; 0,3 ; 0,7 ; 1,0 ; 0,8 ; 0,8 ; 0,2 ; 0,2 ; 0,4 ; 0,2 ; 0,6 ; 0,3 ; 86,6 ; 0,3 ; 0,3 ; 0,2 ; 5,7 ; 0,1 ; 1,1 
E08000018;Rotherham; 123 ; 756 ; 1.312 ; 10.001 ; 1.984 ; 2.260 ; 336 ; 420 ; 1.300 ; 583 ; 1.183 ; 788 ; 234.613 ; 655 ; 227 ; 699 ; 5.760 ; 778 ; 2.028 ; -   ; 0,3 ; 0,5 ; 3,8 ; 0,7 ; 0,9 ; 0,1 ; 0,2 ; 0,5 ; 0,2 ; 0,4 ; 0,3 ; 88,3 ; 0,2 ; 0,1 ; 0,3 ; 2,2 ; 0,3 ; 0,8 
E08000019;Sheffield; 4.258 ; 7.393 ; 6.798 ; 27.671 ; 7.440 ; 18.237 ; 4.647 ; 2.628 ; 5.214 ; 2.431 ; 7.524 ; 4.535 ; 414.698 ; 2.750 ; 341 ; 2.456 ; 19.971 ; 8.956 ; 8.575 ; 0,8 ; 1,3 ; 1,2 ; 5,0 ; 1,3 ; 3,3 ; 0,8 ; 0,5 ; 0,9 ; 0,4 ; 1,4 ; 0,8 ; 74,5 ; 0,5 ; 0,1 ; 0,4 ; 3,6 ; 1,6 ; 1,5 
E08000021;Newcastle upon Tyne; 7.248 ; 5.382 ; 7.304 ; 8.753 ; 5.441 ; 8.555 ; 340 ; 1.026 ; 2.600 ; 1.378 ; 915 ; 2.027 ; 223.567 ; 1.895 ; 332 ; 1.031 ; 13.177 ; 4.175 ; 4.981 ; 2,4 ; 1,8 ; 2,4 ; 2,9 ; 1,8 ; 2,9 ; 0,1 ; 0,3 ; 0,9 ; 0,5 ; 0,3 ; 0,7 ; 74,5 ; 0,6 ; 0,1 ; 0,3 ; 4,4 ; 1,4 ; 1,7 
E08000022;North Tyneside; 1.009 ; 1.225 ; 1.539 ; 528 ; 1.095 ; 1.020 ; 102 ; 159 ; 1.013 ; 663 ; 501 ; 702 ; 193.303 ; 797 ; 54 ; 114 ; 3.940 ; 350 ; 854 ; 0,5 ; 0,6 ; 0,7 ; 0,3 ; 0,5 ; 0,5 ; -   ; 0,1 ; 0,5 ; 0,3 ; 0,2 ; 0,3 ; 92,5 ; 0,4 ; -   ; 0,1 ; 1,9 ; 0,2 ; 0,4 
E08000023;South Tyneside; 2.185 ; 299 ; 703 ; 495 ; 635 ; 606 ; 78 ; 102 ; 655 ; 401 ; 266 ; 673 ; 137.429 ; 353 ; 56 ; 46 ; 1.599 ; 514 ; 682 ; 1,5 ; 0,2 ; 0,5 ; 0,3 ; 0,4 ; 0,4 ; 0,1 ; 0,1 ; 0,4 ; 0,3 ; 0,2 ; 0,5 ; 93,0 ; 0,2 ; -   ; -   ; 1,1 ; 0,3 ; 0,5 
E08000024;Sunderland; 2.908 ; 937 ; 1.906 ; 685 ; 1.768 ; 2.304 ; 133 ; 228 ; 897 ; 536 ; 438 ; 634 ; 254.655 ; 511 ; 228 ; 110 ; 3.871 ; 417 ; 1.007 ; 1,1 ; 0,3 ; 0,7 ; 0,2 ; 0,6 ; 0,8 ; -   ; 0,1 ; 0,3 ; 0,2 ; 0,2 ; 0,2 ; 92,9 ; 0,2 ; 0,1 ; -   ; 1,4 ; 0,2 ; 0,4 
E08000025;Birmingham; 48.232 ; 12.487 ; 66.519 ; 195.102 ; 33.044 ; 66.822 ; 44.718 ; 14.220 ; 13.130 ; 4.680 ; 25.119 ; 12.276 ; 491.211 ; 16.964 ; 686 ; 1.833 ; 45.914 ; 19.196 ; 32.769 ; 4,2 ; 1,1 ; 5,8 ; 17,0 ; 2,9 ; 5,8 ; 3,9 ; 1,2 ; 1,1 ; 0,4 ; 2,2 ; 1,1 ; 42,9 ; 1,5 ; 0,1 ; 0,2 ; 4,0 ; 1,7 ; 2,9 
E08000026;Coventry; 4.257 ; 4.571 ; 32.096 ; 12.658 ; 10.333 ; 24.109 ; 3.459 ; 3.155 ; 3.182 ; 1.663 ; 4.597 ; 2.289 ; 190.889 ; 5.662 ; 294 ; 1.116 ; 28.285 ; 2.482 ; 10.224 ; 1,2 ; 1,3 ; 9,3 ; 3,7 ; 3,0 ; 7,0 ; 1,0 ; 0,9 ; 0,9 ; 0,5 ; 1,3 ; 0,7 ; 55,3 ; 1,6 ; 0,1 ; 0,3 ; 8,2 ; 0,7 ; 3,0 
E08000027;Dudley; 619 ; 1.005 ; 7.812 ; 14.906 ; 2.705 ; 3.499 ; 3.625 ; 1.046 ; 2.254 ; 482 ; 5.133 ; 1.322 ; 266.564 ; 1.114 ; 428 ; 194 ; 6.296 ; 2.026 ; 2.458 ; 0,2 ; 0,3 ; 2,4 ; 4,6 ; 0,8 ; 1,1 ; 1,1 ; 0,3 ; 0,7 ; 0,1 ; 1,6 ; 0,4 ; 82,4 ; 0,3 ; 0,1 ; 0,1 ; 1,9 ; 0,6 ; 0,8 
E08000028;Sandwell; 11.074 ; 1.204 ; 44.378 ; 22.148 ; 9.220 ; 12.668 ; 13.103 ; 4.008 ; 3.274 ; 928 ; 8.030 ; 2.448 ; 177.929 ; 1.591 ; 324 ; 375 ; 15.405 ; 2.016 ; 11.709 ; 3,2 ; 0,4 ; 13,0 ; 6,5 ; 2,7 ; 3,7 ; 3,8 ; 1,2 ; 1,0 ; 0,3 ; 2,3 ; 0,7 ; 52,1 ; 0,5 ; 0,1 ; 0,1 ; 4,5 ; 0,6 ; 3,4 
E08000029;Solihull; 1.077 ; 1.758 ; 11.344 ; 7.608 ; 2.058 ; 1.346 ; 2.033 ; 576 ; 2.073 ; 423 ; 3.695 ; 1.305 ; 168.398 ; 3.919 ; 74 ; 57 ; 5.220 ; 888 ; 2.388 ; 0,5 ; 0,8 ; 5,2 ; 3,5 ; 1,0 ; 0,6 ; 0,9 ; 0,3 ; 1,0 ; 0,2 ; 1,7 ; 0,6 ; 77,9 ; 1,8 ; -   ; -   ; 2,4 ; 0,4 ; 1,1 
E08000030;Walsall; 6.378 ; 891 ; 22.726 ; 19.739 ; 3.465 ; 6.439 ; 4.889 ; 1.696 ; 2.386 ; 620 ; 4.834 ; 1.477 ; 191.529 ; 1.070 ; 356 ; 220 ; 9.549 ; 509 ; 5.353 ; 2,2 ; 0,3 ; 8,0 ; 6,9 ; 1,2 ; 2,3 ; 1,7 ; 0,6 ; 0,8 ; 0,2 ; 1,7 ; 0,5 ; 67,4 ; 0,4 ; 0,1 ; 0,1 ; 3,4 ; 0,2 ; 1,9 
E08000031;Wolverhampton; 531 ; 802 ; 42.052 ; 6.676 ; 5.840 ; 11.158 ; 9.905 ; 3.573 ; 2.573 ; 939 ; 8.495 ; 2.058 ; 144.303 ; 1.170 ; 255 ; 451 ; 13.528 ; 966 ; 8.451 ; 0,2 ; 0,3 ; 15,9 ; 2,5 ; 2,2 ; 4,2 ; 3,8 ; 1,4 ; 1,0 ; 0,4 ; 3,2 ; 0,8 ; 54,7 ; 0,4 ; 0,1 ; 0,2 ; 5,1 ; 0,4 ; 3,2 
E08000032;Bradford; 12.403 ; 1.345 ; 14.429 ; 139.553 ; 7.934 ; 7.061 ; 2.614 ; 1.303 ; 6.458 ; 1.196 ; 4.426 ; 2.926 ; 309.912 ; 2.139 ; 849 ; 1.583 ; 19.521 ; 2.734 ; 8.026 ; 2,3 ; 0,2 ; 2,6 ; 25,5 ; 1,5 ; 1,3 ; 0,5 ; 0,2 ; 1,2 ; 0,2 ; 0,8 ; 0,5 ; 56,7 ; 0,4 ; 0,2 ; 0,3 ; 3,6 ; 0,5 ; 1,5 
E08000033;Calderdale; 681 ; 415 ; 1.861 ; 17.637 ; 1.132 ; 847 ; 400 ; 192 ; 1.458 ; 372 ; 1.348 ; 849 ; 170.983 ; 1.564 ; 136 ; 247 ; 4.906 ; 327 ; 1.276 ; 0,3 ; 0,2 ; 0,9 ; 8,5 ; 0,5 ; 0,4 ; 0,2 ; 0,1 ; 0,7 ; 0,2 ; 0,7 ; 0,4 ; 82,7 ; 0,8 ; 0,1 ; 0,1 ; 2,4 ; 0,2 ; 0,6 
E08000034;Kirklees; 1.065 ; 1.526 ; 22.739 ; 54.795 ; 4.077 ; 4.180 ; 4.324 ; 1.444 ; 3.980 ; 1.035 ; 6.433 ; 2.140 ; 305.579 ; 2.335 ; 168 ; 314 ; 10.573 ; 1.915 ; 4.591 ; 0,2 ; 0,4 ; 5,2 ; 12,6 ; 0,9 ; 1,0 ; 1,0 ; 0,3 ; 0,9 ; 0,2 ; 1,5 ; 0,5 ; 70,5 ; 0,5 ; -   ; 0,1 ; 2,4 ; 0,4 ; 1,1 
E08000035;Leeds; 5.876 ; 8.117 ; 21.087 ; 31.405 ; 12.018 ; 32.211 ; 7.889 ; 5.276 ; 7.410 ; 4.294 ; 10.028 ; 5.656 ; 595.737 ; 6.892 ; 878 ; 1.610 ; 36.684 ; 5.980 ; 12.905 ; 0,7 ; 1,0 ; 2,6 ; 3,9 ; 1,5 ; 4,0 ; 1,0 ; 0,6 ; 0,9 ; 0,5 ; 1,2 ; 0,7 ; 73,4 ; 0,8 ; 0,1 ; 0,2 ; 4,5 ; 0,7 ; 1,6 
E08000036;Wakefield; 74 ; 1.113 ; 2.291 ; 7.107 ; 2.048 ; 3.589 ; 361 ; 566 ; 1.708 ; 859 ; 1.338 ; 1.033 ; 311.634 ; 963 ; 280 ; 228 ; 15.637 ; 559 ; 1.982 ; -   ; 0,3 ; 0,6 ; 2,0 ; 0,6 ; 1,0 ; 0,1 ; 0,2 ; 0,5 ; 0,2 ; 0,4 ; 0,3 ; 88,2 ; 0,3 ; 0,1 ; 0,1 ; 4,4 ; 0,2 ; 0,6 
E08000037;Gateshead; 379 ; 1.146 ; 1.027 ; 944 ; 1.429 ; 1.852 ; 109 ; 253 ; 872 ; 547 ; 384 ; 590 ; 177.131 ; 710 ; 115 ; 256 ; 5.277 ; 926 ; 2.202 ; 0,2 ; 0,6 ; 0,5 ; 0,5 ; 0,7 ; 0,9 ; 0,1 ; 0,1 ; 0,4 ; 0,3 ; 0,2 ; 0,3 ; 90,3 ; 0,4 ; 0,1 ; 0,1 ; 2,7 ; 0,5 ; 1,1 
E09000001;City of London; 287 ; 545 ; 321 ; 33 ; 259 ; 153 ; 54 ; 25 ; 179 ; 49 ; 53 ; 189 ; 3.649 ; 185 ; -   ; 59 ; 2.062 ; 114 ; 368 ; 3,3 ; 6,3 ; 3,7 ; 0,4 ; 3,0 ; 1,8 ; 0,6 ; 0,3 ; 2,1 ; 0,6 ; 0,6 ; 2,2 ; 42,5 ; 2,2 ; -   ; 0,7 ; 24,0 ; 1,3 ; 4,3 
E09000002;Barking and Dagenham; 22.393 ; 1.385 ; 11.503 ; 15.799 ; 5.503 ; 35.101 ; 5.824 ; 5.882 ; 1.550 ; 2.376 ; 2.974 ; 2.420 ; 67.550 ; 1.185 ; 184 ; 858 ; 28.498 ; 1.489 ; 6.397 ; 10,2 ; 0,6 ; 5,3 ; 7,2 ; 2,5 ; 16,0 ; 2,7 ; 2,7 ; 0,7 ; 1,1 ; 1,4 ; 1,1 ; 30,9 ; 0,5 ; 0,1 ; 0,4 ; 13,0 ; 0,7 ; 2,9 
E09000003;Barnet; 2.873 ; 9.434 ; 30.389 ; 6.687 ; 25.589 ; 22.670 ; 4.951 ; 3.030 ; 6.032 ; 3.747 ; 3.505 ; 7.605 ; 140.777 ; 7.644 ; 179 ; 1.554 ; 74.608 ; 7.383 ; 30.687 ; 0,7 ; 2,4 ; 7,8 ; 1,7 ; 6,6 ; 5,8 ; 1,3 ; 0,8 ; 1,5 ; 1,0 ; 0,9 ; 2,0 ; 36,2 ; 2,0 ; -   ; 0,4 ; 19,2 ; 1,9 ; 7,9 
E09000004;Bexley; 1.790 ; 3.990 ; 10.925 ; 1.383 ; 6.346 ; 23.262 ; 3.230 ; 3.583 ; 2.179 ; 1.726 ; 2.489 ; 2.346 ; 158.842 ; 2.528 ; 620 ; 302 ; 14.872 ; 527 ; 5.535 ; 0,7 ; 1,6 ; 4,4 ; 0,6 ; 2,6 ; 9,4 ; 1,3 ; 1,5 ; 0,9 ; 0,7 ; 1,0 ; 1,0 ; 64,4 ; 1,0 ; 0,3 ; 0,1 ; 6,0 ; 0,2 ; 2,2 
E09000005;Brent; 2.186 ; 3.393 ; 66.157 ; 15.217 ; 24.562 ; 31.070 ; 21.258 ; 7.167 ; 3.607 ; 3.184 ; 3.775 ; 6.683 ; 51.611 ; 9.314 ; 237 ; 2.520 ; 54.019 ; 17.924 ; 15.937 ; 0,6 ; 1,0 ; 19,5 ; 4,5 ; 7,2 ; 9,1 ; 6,3 ; 2,1 ; 1,1 ; 0,9 ; 1,1 ; 2,0 ; 15,2 ; 2,7 ; 0,1 ; 0,7 ; 15,9 ; 5,3 ; 4,7 
E09000006;Bromley; 1.748 ; 5.075 ; 12.326 ; 1.784 ; 6.374 ; 13.193 ; 8.169 ; 3.787 ; 4.747 ; 2.431 ; 5.489 ; 5.073 ; 219.493 ; 4.954 ; 578 ; 551 ; 26.719 ; 1.203 ; 6.297 ; 0,5 ; 1,5 ; 3,7 ; 0,5 ; 1,9 ; 4,0 ; 2,5 ; 1,1 ; 1,4 ; 0,7 ; 1,7 ; 1,5 ; 66,5 ; 1,5 ; 0,2 ; 0,2 ; 8,1 ; 0,4 ; 1,9 
E09000007;Camden; 14.356 ; 6.728 ; 6.952 ; 1.610 ; 8.396 ; 14.191 ; 2.703 ; 1.998 ; 4.243 ; 2.059 ; 2.558 ; 5.078 ; 74.348 ; 5.325 ; 128 ; 978 ; 44.285 ; 4.417 ; 9.783 ; 6,8 ; 3,2 ; 3,3 ; 0,8 ; 4,0 ; 6,8 ; 1,3 ; 1,0 ; 2,0 ; 1,0 ; 1,2 ; 2,4 ; 35,4 ; 2,5 ; 0,1 ; 0,5 ; 21,1 ; 2,1 ; 4,7 
E09000008;Croydon; 3.549 ; 3.950 ; 29.563 ; 15.345 ; 16.080 ; 40.219 ; 36.108 ; 12.114 ; 5.740 ; 4.453 ; 10.380 ; 9.172 ; 146.268 ; 4.935 ; 212 ; 1.120 ; 36.450 ; 2.259 ; 12.807 ; 0,9 ; 1,0 ; 7,6 ; 3,9 ; 4,1 ; 10,3 ; 9,2 ; 3,1 ; 1,5 ; 1,1 ; 2,7 ; 2,3 ; 37,4 ; 1,3 ; 0,1 ; 0,3 ; 9,3 ; 0,6 ; 3,3 
E09000009;Ealing; 3.685 ; 4.526 ; 54.806 ; 16.714 ; 31.510 ; 22.578 ; 12.898 ; 4.015 ; 5.445 ; 2.446 ; 4.597 ; 6.673 ; 89.265 ; 8.511 ; 248 ; 1.430 ; 59.009 ; 16.105 ; 22.655 ; 1,0 ; 1,2 ; 14,9 ; 4,6 ; 8,6 ; 6,2 ; 3,5 ; 1,1 ; 1,5 ; 0,7 ; 1,3 ; 1,8 ; 24,3 ; 2,3 ; 0,1 ; 0,4 ; 16,1 ; 4,4 ; 6,2 
E09000010;Enfield; 8.123 ; 2.691 ; 11.870 ; 3.674 ; 11.615 ; 36.463 ; 16.990 ; 7.059 ; 3.818 ; 2.994 ; 5.165 ; 7.581 ; 103.140 ; 5.969 ; 374 ; 1.121 ; 61.280 ; 2.535 ; 37.523 ; 2,5 ; 0,8 ; 3,6 ; 1,1 ; 3,5 ; 11,0 ; 5,1 ; 2,1 ; 1,2 ; 0,9 ; 1,6 ; 2,3 ; 31,3 ; 1,8 ; 0,1 ; 0,3 ; 18,6 ; 0,8 ; 11,4 
E09000011;Greenwich; 2.395 ; 7.125 ; 10.128 ; 3.538 ; 14.842 ; 44.185 ; 8.724 ; 7.693 ; 3.491 ; 3.302 ; 5.142 ; 5.362 ; 119.665 ; 4.230 ; 385 ; 882 ; 35.844 ; 1.462 ; 10.670 ; 0,8 ; 2,5 ; 3,5 ; 1,2 ; 5,1 ; 15,3 ; 3,0 ; 2,7 ; 1,2 ; 1,1 ; 1,8 ; 1,9 ; 41,4 ; 1,5 ; 0,1 ; 0,3 ; 12,4 ; 0,5 ; 3,7 
E09000012;Hackney; 6.554 ; 3.459 ; 8.832 ; 2.461 ; 5.579 ; 29.478 ; 17.903 ; 7.264 ; 3.691 ; 2.735 ; 4.749 ; 6.312 ; 87.927 ; 5.582 ; 248 ; 865 ; 43.087 ; 2.342 ; 20.079 ; 2,5 ; 1,3 ; 3,4 ; 0,9 ; 2,2 ; 11,4 ; 6,9 ; 2,8 ; 1,4 ; 1,1 ; 1,8 ; 2,4 ; 33,9 ; 2,2 ; 0,1 ; 0,3 ; 16,6 ; 0,9 ; 7,7 
E09000013;Hammersmith and Fulham; 1.277 ; 4.253 ; 4.100 ; 2.010 ; 7.666 ; 13.243 ; 6.626 ; 2.584 ; 3.142 ; 1.777 ; 3.157 ; 4.242 ; 70.105 ; 4.812 ; 93 ; 1.485 ; 39.184 ; 5.534 ; 7.866 ; 0,7 ; 2,3 ; 2,2 ; 1,1 ; 4,2 ; 7,2 ; 3,6 ; 1,4 ; 1,7 ; 1,0 ; 1,7 ; 2,3 ; 38,3 ; 2,6 ; 0,1 ; 0,8 ; 21,4 ; 3,0 ; 4,3 
E09000014;Haringey; 4.819 ; 3.848 ; 5.838 ; 2.162 ; 6.413 ; 24.855 ; 16.339 ; 5.272 ; 3.915 ; 2.574 ; 5.325 ; 6.742 ; 84.298 ; 5.701 ; 235 ; 2.004 ; 58.343 ; 2.525 ; 23.030 ; 1,8 ; 1,5 ; 2,2 ; 0,8 ; 2,4 ; 9,4 ; 6,2 ; 2,0 ; 1,5 ; 1,0 ; 2,0 ; 2,6 ; 31,9 ; 2,2 ; 0,1 ; 0,8 ; 22,1 ; 1,0 ; 8,7 
E09000015;Harrow; 1.820 ; 2.784 ; 74.744 ; 10.264 ; 28.540 ; 10.584 ; 6.514 ; 2.053 ; 3.140 ; 1.104 ; 2.187 ; 3.402 ; 53.567 ; 5.608 ; 179 ; 1.421 ; 34.458 ; 6.239 ; 12.597 ; 0,7 ; 1,1 ; 28,6 ; 3,9 ; 10,9 ; 4,1 ; 2,5 ; 0,8 ; 1,2 ; 0,4 ; 0,8 ; 1,3 ; 20,5 ; 2,1 ; 0,1 ; 0,5 ; 13,2 ; 2,4 ; 4,8 
E09000016;Havering; 4.774 ; 2.011 ; 11.292 ; 5.683 ; 4.390 ; 14.138 ; 4.832 ; 2.597 ; 2.344 ; 1.535 ; 3.224 ; 2.644 ; 174.232 ; 2.894 ; 259 ; 433 ; 19.496 ; 809 ; 4.465 ; 1,8 ; 0,8 ; 4,3 ; 2,2 ; 1,7 ; 5,4 ; 1,8 ; 1,0 ; 0,9 ; 0,6 ; 1,2 ; 1,0 ; 66,5 ; 1,1 ; 0,1 ; 0,2 ; 7,4 ; 0,3 ; 1,7 
E09000017;Hillingdon; 4.050 ; 3.184 ; 57.341 ; 14.243 ; 23.120 ; 15.844 ; 5.752 ; 2.359 ; 4.201 ; 1.897 ; 3.151 ; 4.110 ; 113.377 ; 5.585 ; 479 ; 691 ; 27.255 ; 4.462 ; 14.806 ; 1,3 ; 1,0 ; 18,7 ; 4,7 ; 7,6 ; 5,2 ; 1,9 ; 0,8 ; 1,4 ; 0,6 ; 1,0 ; 1,3 ; 37,1 ; 1,8 ; 0,2 ; 0,2 ; 8,9 ; 1,5 ; 4,8 
E09000018;Hounslow; 2.699 ; 2.664 ; 60.827 ; 17.454 ; 22.202 ; 14.895 ; 3.573 ; 2.342 ; 4.128 ; 2.142 ; 2.726 ; 4.518 ; 81.933 ; 3.894 ; 296 ; 980 ; 39.980 ; 5.461 ; 15.467 ; 0,9 ; 0,9 ; 21,1 ; 6,1 ; 7,7 ; 5,2 ; 1,2 ; 0,8 ; 1,4 ; 0,7 ; 0,9 ; 1,6 ; 28,4 ; 1,4 ; 0,1 ; 0,3 ; 13,9 ; 1,9 ; 5,4 
E09000019;Islington; 5.972 ; 5.125 ; 4.051 ; 995 ; 5.389 ; 18.091 ; 7.368 ; 3.284 ; 3.750 ; 2.257 ; 4.171 ; 6.053 ; 86.092 ; 7.062 ; 108 ; 958 ; 40.534 ; 2.991 ; 12.339 ; 2,8 ; 2,4 ; 1,9 ; 0,5 ; 2,5 ; 8,4 ; 3,4 ; 1,5 ; 1,7 ; 1,0 ; 1,9 ; 2,8 ; 39,7 ; 3,3 ; -   ; 0,4 ; 18,7 ; 1,4 ; 5,7 
E09000020;Kensington and Chelsea; 1.488 ; 3.839 ; 3.209 ; 1.282 ; 7.207 ; 6.944 ; 3.237 ; 1.098 ; 3.047 ; 1.288 ; 1.725 ; 3.465 ; 46.883 ; 2.825 ; 84 ; 1.049 ; 40.553 ; 6.384 ; 7.766 ; 1,0 ; 2,7 ; 2,2 ; 0,9 ; 5,0 ; 4,8 ; 2,3 ; 0,8 ; 2,1 ; 0,9 ; 1,2 ; 2,4 ; 32,7 ; 2,0 ; 0,1 ; 0,7 ; 28,3 ; 4,5 ; 5,4 
E09000021;Kingston upon Thames; 932 ; 4.127 ; 7.731 ; 4.380 ; 12.768 ; 3.105 ; 1.081 ; 555 ; 3.540 ; 1.090 ; 1.564 ; 2.802 ; 90.288 ; 2.633 ; 61 ; 445 ; 21.404 ; 3.580 ; 5.979 ; 0,6 ; 2,5 ; 4,6 ; 2,6 ; 7,6 ; 1,8 ; 0,6 ; 0,3 ; 2,1 ; 0,6 ; 0,9 ; 1,7 ; 53,7 ; 1,6 ; -   ; 0,3 ; 12,7 ; 2,1 ; 3,6 
E09000022;Lambeth; 2.502 ; 4.986 ; 6.054 ; 3.868 ; 5.641 ; 37.359 ; 28.991 ; 9.795 ; 4.541 ; 4.006 ; 8.348 ; 8.735 ; 119.395 ; 6.828 ; 146 ; 1.537 ; 46.872 ; 2.649 ; 15.397 ; 0,8 ; 1,6 ; 1,9 ; 1,2 ; 1,8 ; 11,8 ; 9,1 ; 3,1 ; 1,4 ; 1,3 ; 2,6 ; 2,7 ; 37,6 ; 2,1 ; -   ; 0,5 ; 14,8 ; 0,8 ; 4,8 
E09000023;Lewisham; 1.826 ; 6.296 ; 5.046 ; 2.361 ; 11.398 ; 37.834 ; 31.883 ; 10.756 ; 4.359 ; 3.774 ; 8.726 ; 7.394 ; 111.726 ; 5.055 ; 116 ; 1.033 ; 36.819 ; 1.671 ; 12.480 ; 0,6 ; 2,1 ; 1,7 ; 0,8 ; 3,8 ; 12,6 ; 10,6 ; 3,6 ; 1,5 ; 1,3 ; 2,9 ; 2,5 ; 37,2 ; 1,7 ; -   ; 0,3 ; 12,3 ; 0,6 ; 4,2 
E09000024;Merton; 2.470 ; 3.615 ; 9.607 ; 9.667 ; 14.660 ; 12.218 ; 7.632 ; 3.037 ; 3.756 ; 1.722 ; 3.009 ; 4.278 ; 88.673 ; 4.337 ; 194 ; 813 ; 35.600 ; 1.923 ; 7.976 ; 1,1 ; 1,7 ; 4,5 ; 4,5 ; 6,8 ; 5,7 ; 3,5 ; 1,4 ; 1,7 ; 0,8 ; 1,4 ; 2,0 ; 41,2 ; 2,0 ; 0,1 ; 0,4 ; 16,5 ; 0,9 ; 3,7 
E09000025;Newham; 55.677 ; 6.213 ; 38.642 ; 31.216 ; 16.439 ; 40.874 ; 13.586 ; 6.842 ; 3.324 ; 3.317 ; 4.253 ; 5.525 ; 51.819 ; 2.039 ; 353 ; 2.342 ; 51.394 ; 3.534 ; 13.641 ; 15,9 ; 1,8 ; 11,0 ; 8,9 ; 4,7 ; 11,6 ; 3,9 ; 1,9 ; 0,9 ; 0,9 ; 1,2 ; 1,6 ; 14,8 ; 0,6 ; 0,1 ; 0,7 ; 14,6 ; 1,0 ; 3,9 
E09000026;Redbridge; 31.895 ; 2.918 ; 51.183 ; 44.000 ; 16.837 ; 14.573 ; 8.452 ; 3.071 ; 3.577 ; 1.717 ; 3.154 ; 4.288 ; 71.844 ; 3.092 ; 185 ; 1.104 ; 31.749 ; 2.263 ; 14.359 ; 10,3 ; 0,9 ; 16,5 ; 14,2 ; 5,4 ; 4,7 ; 2,7 ; 1,0 ; 1,2 ; 0,6 ; 1,0 ; 1,4 ; 23,2 ; 1,0 ; 0,1 ; 0,4 ; 10,2 ; 0,7 ; 4,6 
E09000027;Richmond upon Thames; 916 ; 2.777 ; 7.236 ; 1.749 ; 4.789 ; 2.260 ; 936 ; 491 ; 4.238 ; 1.205 ; 1.654 ; 3.565 ; 123.093 ; 4.866 ; 85 ; 400 ; 28.667 ; 1.721 ; 4.629 ; 0,5 ; 1,4 ; 3,7 ; 0,9 ; 2,5 ; 1,2 ; 0,5 ; 0,3 ; 2,2 ; 0,6 ; 0,8 ; 1,8 ; 63,0 ; 2,5 ; -   ; 0,2 ; 14,7 ; 0,9 ; 2,4 
E09000028;Southwark; 5.547 ; 8.405 ; 6.145 ; 2.006 ; 8.437 ; 48.320 ; 18.156 ; 10.823 ; 4.653 ; 3.569 ; 6.401 ; 7.528 ; 109.253 ; 6.024 ; 156 ; 1.579 ; 41.208 ; 3.123 ; 16.307 ; 1,8 ; 2,7 ; 2,0 ; 0,7 ; 2,7 ; 15,7 ; 5,9 ; 3,5 ; 1,5 ; 1,2 ; 2,1 ; 2,4 ; 35,5 ; 2,0 ; 0,1 ; 0,5 ; 13,4 ; 1,0 ; 5,3 
E09000029;Sutton; 1.778 ; 3.989 ; 12.618 ; 6.177 ; 12.225 ; 7.441 ; 3.450 ; 1.574 ; 3.068 ; 1.268 ; 2.777 ; 3.049 ; 120.014 ; 3.118 ; 130 ; 321 ; 19.562 ; 1.392 ; 5.685 ; 0,8 ; 1,9 ; 6,0 ; 2,9 ; 5,8 ; 3,5 ; 1,6 ; 0,8 ; 1,5 ; 0,6 ; 1,3 ; 1,5 ; 57,2 ; 1,5 ; 0,1 ; 0,2 ; 9,3 ; 0,7 ; 2,7 
E09000030;Tower Hamlets; 107.333 ; 10.279 ; 10.135 ; 3.341 ; 6.768 ; 15.373 ; 4.930 ; 2.390 ; 4.374 ; 2.236 ; 3.593 ; 5.206 ; 71.177 ; 3.567 ; 110 ; 2.225 ; 45.187 ; 3.588 ; 8.494 ; 34,6 ; 3,3 ; 3,3 ; 1,1 ; 2,2 ; 5,0 ; 1,6 ; 0,8 ; 1,4 ; 0,7 ; 1,2 ; 1,7 ; 22,9 ; 1,1 ; -   ; 0,7 ; 14,6 ; 1,2 ; 2,7 
E09000031;Waltham Forest; 5.166 ; 2.626 ; 9.134 ; 28.740 ; 9.879 ; 18.759 ; 17.587 ; 5.301 ; 3.875 ; 2.777 ; 5.135 ; 6.196 ; 94.766 ; 4.230 ; 198 ; 1.397 ; 46.433 ; 2.884 ; 13.345 ; 1,9 ; 0,9 ; 3,3 ; 10,3 ; 3,5 ; 6,7 ; 6,3 ; 1,9 ; 1,4 ; 1,0 ; 1,8 ; 2,2 ; 34,0 ; 1,5 ; 0,1 ; 0,5 ; 16,7 ; 1,0 ; 4,8 
E09000032;Wandsworth; 1.639 ; 4.658 ; 9.599 ; 12.249 ; 10.169 ; 17.330 ; 11.356 ; 4.376 ; 5.776 ; 2.494 ; 5.340 ; 6.988 ; 157.048 ; 8.061 ; 120 ; 1.730 ; 55.131 ; 3.860 ; 9.582 ; 0,5 ; 1,4 ; 2,9 ; 3,7 ; 3,1 ; 5,3 ; 3,5 ; 1,3 ; 1,8 ; 0,8 ; 1,6 ; 2,1 ; 48,0 ; 2,5 ; -   ; 0,5 ; 16,8 ; 1,2 ; 2,9 
E09000033;Westminster; 7.533 ; 6.625 ; 7.965 ; 2.461 ; 9.658 ; 10.451 ; 4.307 ; 1.698 ; 3.718 ; 2.089 ; 2.061 ; 5.467 ; 57.162 ; 3.742 ; 49 ; 1.503 ; 50.276 ; 15.439 ; 12.032 ; 3,7 ; 3,2 ; 3,9 ; 1,2 ; 4,7 ; 5,1 ; 2,1 ; 0,8 ; 1,8 ; 1,0 ; 1,0 ; 2,7 ; 28,0 ; 1,8 ; -   ; 0,7 ; 24,6 ; 7,6 ; 5,9 
W06000001;Isle of Anglesey; 40 ; 108 ; 94 ; 22 ; 166 ; 68 ; 17 ; 19 ; 191 ; 78 ; 156 ; 173 ; 66.339 ; 381 ; 54 ; 33 ; 780 ; 58 ; 102 ; 0,1 ; 0,2 ; 0,1 ; -   ; 0,2 ; 0,1 ; -   ; -   ; 0,3 ; 0,1 ; 0,2 ; 0,3 ; 96,3 ; 0,6 ; 0,1 ; -   ; 1,1 ; 0,1 ; 0,1 
W06000002;Gwynedd; 199 ; 580 ; 484 ; 209 ; 496 ; 373 ; 82 ; 58 ; 438 ; 179 ; 371 ; 345 ; 109.548 ; 554 ; 111 ; 45 ; 2.729 ; 314 ; 277 ; 0,2 ; 0,5 ; 0,4 ; 0,2 ; 0,4 ; 0,3 ; 0,1 ; -   ; 0,4 ; 0,2 ; 0,3 ; 0,3 ; 93,3 ; 0,5 ; 0,1 ; -   ; 2,3 ; 0,3 ; 0,2 
W06000003;Conwy; 179 ; 433 ; 373 ; 195 ; 471 ; 162 ; 60 ; 49 ; 457 ; 189 ; 326 ; 282 ; 107.926 ; 843 ; 104 ; 19 ; 2.284 ; 116 ; 275 ; 0,2 ; 0,4 ; 0,3 ; 0,2 ; 0,4 ; 0,1 ; 0,1 ; -   ; 0,4 ; 0,2 ; 0,3 ; 0,2 ; 94,1 ; 0,7 ; 0,1 ; -   ; 2,0 ; 0,1 ; 0,2 
W06000004;Denbighshire; 115 ; 337 ; 332 ; 166 ; 700 ; 179 ; 44 ; 45 ; 350 ; 162 ; 313 ; 227 ; 90.470 ; 484 ; 62 ; 32 ; 1.440 ; 119 ; 243 ; 0,1 ; 0,4 ; 0,3 ; 0,2 ; 0,7 ; 0,2 ; -   ; -   ; 0,4 ; 0,2 ; 0,3 ; 0,2 ; 94,4 ; 0,5 ; 0,1 ; -   ; 1,5 ; 0,1 ; 0,3 
W06000005;Flintshire; 109 ; 374 ; 395 ; 128 ; 449 ; 174 ; 62 ; 56 ; 506 ; 240 ; 331 ; 369 ; 144.356 ; 630 ; 123 ; 74 ; 6.049 ; 92 ; 443 ; 0,1 ; 0,2 ; 0,3 ; 0,1 ; 0,3 ; 0,1 ; -   ; -   ; 0,3 ; 0,2 ; 0,2 ; 0,2 ; 93,2 ; 0,4 ; 0,1 ; -   ; 3,9 ; 0,1 ; 0,3 
W06000006;Wrexham; 276 ; 304 ; 538 ; 283 ; 845 ; 654 ; 87 ; 137 ; 446 ; 392 ; 382 ; 338 ; 122.547 ; 427 ; 119 ; 64 ; 6.520 ; 219 ; 544 ; 0,2 ; 0,2 ; 0,4 ; 0,2 ; 0,6 ; 0,5 ; 0,1 ; 0,1 ; 0,3 ; 0,3 ; 0,3 ; 0,3 ; 90,7 ; 0,3 ; 0,1 ; -   ; 4,8 ; 0,2 ; 0,4 
W06000008;Ceredigion; 76 ; 320 ; 325 ; 145 ; 230 ; 252 ; 74 ; 40 ; 292 ; 128 ; 190 ; 257 ; 65.674 ; 430 ; 57 ; 29 ; 2.586 ; 138 ; 230 ; 0,1 ; 0,4 ; 0,5 ; 0,2 ; 0,3 ; 0,4 ; 0,1 ; 0,1 ; 0,4 ; 0,2 ; 0,3 ; 0,4 ; 91,9 ; 0,6 ; 0,1 ; -   ; 3,6 ; 0,2 ; 0,3 
W06000009;Pembrokeshire; 146 ; 221 ; 243 ; 77 ; 472 ; 147 ; 55 ; 42 ; 400 ; 163 ; 282 ; 317 ; 116.816 ; 701 ; 574 ; 34 ; 2.250 ; 93 ; 326 ; 0,1 ; 0,2 ; 0,2 ; 0,1 ; 0,4 ; 0,1 ; -   ; -   ; 0,3 ; 0,1 ; 0,2 ; 0,3 ; 94,7 ; 0,6 ; 0,5 ; -   ; 1,8 ; 0,1 ; 0,3 
W06000010;Carmarthenshire; 137 ; 379 ; 562 ; 241 ; 1.002 ; 248 ; 138 ; 69 ; 635 ; 255 ; 437 ; 429 ; 176.673 ; 649 ; 437 ; 69 ; 4.824 ; 264 ; 450 ; 0,1 ; 0,2 ; 0,3 ; 0,1 ; 0,5 ; 0,1 ; 0,1 ; -   ; 0,3 ; 0,1 ; 0,2 ; 0,2 ; 94,0 ; 0,3 ; 0,2 ; -   ; 2,6 ; 0,1 ; 0,2 
W06000011;Swansea; 2.865 ; 1.932 ; 2.172 ; 954 ; 2.528 ; 2.227 ; 235 ; 335 ; 1.285 ; 674 ; 669 ; 1.180 ; 208.703 ; 1.111 ; 93 ; 117 ; 8.028 ; 1.578 ; 1.805 ; 1,2 ; 0,8 ; 0,9 ; 0,4 ; 1,1 ; 0,9 ; 0,1 ; 0,1 ; 0,5 ; 0,3 ; 0,3 ; 0,5 ; 87,5 ; 0,5 ; -   ; -   ; 3,4 ; 0,7 ; 0,8 
W06000012;Neath Port Talbot; 508 ; 387 ; 527 ; 224 ; 607 ; 274 ; 148 ; 100 ; 493 ; 211 ; 535 ; 344 ; 135.111 ; 437 ; 170 ; 33 ; 1.760 ; 105 ; 316 ; 0,4 ; 0,3 ; 0,4 ; 0,2 ; 0,4 ; 0,2 ; 0,1 ; 0,1 ; 0,3 ; 0,1 ; 0,4 ; 0,2 ; 95,0 ; 0,3 ; 0,1 ; -   ; 1,2 ; 0,1 ; 0,2 
W06000013;Bridgend; 163 ; 491 ; 588 ; 180 ; 730 ; 257 ; 98 ; 74 ; 525 ; 279 ; 487 ; 393 ; 137.755 ; 452 ; 57 ; 55 ; 2.480 ; 80 ; 346 ; 0,1 ; 0,3 ; 0,4 ; 0,1 ; 0,5 ; 0,2 ; 0,1 ; 0,1 ; 0,4 ; 0,2 ; 0,3 ; 0,3 ; 94,7 ; 0,3 ; -   ; -   ; 1,7 ; 0,1 ; 0,2 
W06000014;Vale of Glamorgan; 172 ; 579 ; 892 ; 335 ; 829 ; 283 ; 219 ; 122 ; 734 ; 477 ; 1.005 ; 771 ; 121.371 ; 659 ; 48 ; 26 ; 2.696 ; 268 ; 453 ; 0,1 ; 0,4 ; 0,7 ; 0,3 ; 0,6 ; 0,2 ; 0,2 ; 0,1 ; 0,6 ; 0,4 ; 0,8 ; 0,6 ; 92,0 ; 0,5 ; -   ; -   ; 2,0 ; 0,2 ; 0,3 
W06000015;Cardiff; 6.887 ; 5.017 ; 8.837 ; 8.615 ; 5.627 ; 10.587 ; 1.350 ; 1.959 ; 3.572 ; 2.611 ; 4.299 ; 4.024 ; 266.533 ; 2.335 ; 673 ; 593 ; 16.797 ; 6.624 ; 5.370 ; 1,9 ; 1,4 ; 2,4 ; 2,4 ; 1,6 ; 2,9 ; 0,4 ; 0,5 ; 1,0 ; 0,7 ; 1,2 ; 1,1 ; 73,6 ; 0,6 ; 0,2 ; 0,2 ; 4,6 ; 1,8 ; 1,5 
W06000016;Rhondda Cynon Taf; 247 ; 894 ; 958 ; 405 ; 1.002 ; 749 ; 116 ; 132 ; 709 ; 524 ; 635 ; 601 ; 226.123 ; 516 ; 69 ; 28 ; 3.187 ; 198 ; 560 ; 0,1 ; 0,4 ; 0,4 ; 0,2 ; 0,4 ; 0,3 ; -   ; 0,1 ; 0,3 ; 0,2 ; 0,3 ; 0,3 ; 95,1 ; 0,2 ; -   ; -   ; 1,3 ; 0,1 ; 0,2 
W06000018;Caerphilly; 38 ; 446 ; 456 ; 155 ; 489 ; 129 ; 93 ; 61 ; 535 ; 247 ; 539 ; 433 ; 169.356 ; 389 ; 38 ; 46 ; 2.126 ; 87 ; 292 ; -   ; 0,3 ; 0,3 ; 0,1 ; 0,3 ; 0,1 ; 0,1 ; -   ; 0,3 ; 0,1 ; 0,3 ; 0,2 ; 96,2 ; 0,2 ; -   ; -   ; 1,2 ; -   ; 0,2 
W06000019;Blaenau Gwent; 26 ; 140 ; 212 ; 71 ; 172 ; 76 ; 29 ; 10 ; 138 ; 69 ; 219 ; 143 ; 63.990 ; 92 ; 133 ; 14 ; 1.227 ; 38 ; 104 ; -   ; 0,2 ; 0,3 ; 0,1 ; 0,3 ; 0,1 ; -   ; -   ; 0,2 ; 0,1 ; 0,3 ; 0,2 ; 95,6 ; 0,1 ; 0,2 ; -   ; 1,8 ; 0,1 ; 0,2 
W06000020;Torfaen; 99 ; 212 ; 254 ; 91 ; 546 ; 118 ; 69 ; 41 ; 264 ; 136 ; 343 ; 262 ; 87.873 ; 296 ; 265 ; 31 ; 1.131 ; 46 ; 199 ; 0,1 ; 0,2 ; 0,3 ; 0,1 ; 0,6 ; 0,1 ; 0,1 ; -   ; 0,3 ; 0,1 ; 0,4 ; 0,3 ; 95,2 ; 0,3 ; 0,3 ; -   ; 1,2 ; -   ; 0,2 
W06000021;Monmouthshire; 52 ; 277 ; 317 ; 94 ; 445 ; 132 ; 62 ; 36 ; 376 ; 183 ; 261 ; 295 ; 87.566 ; 451 ; 36 ; 19 ; 2.034 ; 88 ; 236 ; 0,1 ; 0,3 ; 0,3 ; 0,1 ; 0,5 ; 0,1 ; 0,1 ; -   ; 0,4 ; 0,2 ; 0,3 ; 0,3 ; 94,2 ; 0,5 ; -   ; -   ; 2,2 ; 0,1 ; 0,3 
W06000022;Newport; 2.858 ; 711 ; 2.023 ; 4.803 ; 1.799 ; 2.687 ; 553 ; 497 ; 1.188 ; 640 ; 1.528 ; 1.095 ; 128.245 ; 685 ; 168 ; 406 ; 6.969 ; 999 ; 1.738 ; 1,8 ; 0,4 ; 1,3 ; 3,0 ; 1,1 ; 1,7 ; 0,3 ; 0,3 ; 0,7 ; 0,4 ; 1,0 ; 0,7 ; 80,4 ; 0,4 ; 0,1 ; 0,3 ; 4,4 ; 0,6 ; 1,1 
W06000023;Powys; 79 ; 160 ; 176 ; 50 ; 782 ; 74 ; 96 ; 51 ; 373 ; 147 ; 295 ; 320 ; 126.357 ; 581 ; 105 ; 49 ; 3.068 ; 100 ; 306 ; 0,1 ; 0,1 ; 0,1 ; -   ; 0,6 ; 0,1 ; 0,1 ; -   ; 0,3 ; 0,1 ; 0,2 ; 0,2 ; 94,9 ; 0,4 ; 0,1 ; -   ; 2,3 ; 0,1 ; 0,2 
W06000024;Merthyr Tydfil; 46 ; 156 ; 308 ; 92 ; 269 ; 59 ; 13 ; 19 ; 129 ; 86 ; 131 ; 164 ; 54.916 ; 113 ; 56 ; 26 ; 2.029 ; 17 ; 210 ; 0,1 ; 0,3 ; 0,5 ; 0,2 ; 0,5 ; 0,1 ; -   ; -   ; 0,2 ; 0,1 ; 0,2 ; 0,3 ; 93,3 ; 0,2 ; 0,1 ; -   ; 3,4 ; -   ; 0,4 